2026-06-17 17:05:49 [INFO] owl-street-view: Initializing Owl Street View Trading Dashboard...
2026-06-17 17:05:49 [INFO] owl-street-view: Starting dashboard server at http://0.0.0.0:8080...
2026-06-17 17:05:50 [ERROR] owl-street-view: Failed to start dashboard server: No module named 'src'
2026-06-17 17:05:54 [INFO] owl-street-view: Initializing Owl Street View Trading Dashboard...
2026-06-17 17:05:54 [INFO] owl-street-view: Starting dashboard server at http://0.0.0.0:8080...
2026-06-17 17:05:54 [ERROR] owl-street-view: Failed to start dashboard server: No module named 'alpaca.common'; 'alpaca' is not a package
2026-06-17 17:06:07 [INFO] owl-street-view: Initializing Owl Street View Trading Dashboard...
2026-06-17 17:06:07 [INFO] owl-street-view: Starting dashboard server at http://0.0.0.0:8080...
2026-06-17 17:06:07 [INFO] src.web: Serving frontend static build from: /Users/arbaz/projects/owls-street/owl-street-view/frontend/build
2026-06-17 17:06:07 [ERROR] src.web: Error loading configuration during startup: 3 validation errors for AppConfig
alpaca.api_key
  Value error, Credentials cannot be empty. Please check your config or environment variables. [type=value_error, input_value='', input_type=str]
    For further information visit https://errors.pydantic.dev/2.13/v/value_error
alpaca.api_secret
  Value error, Credentials cannot be empty. Please check your config or environment variables. [type=value_error, input_value='', input_type=str]
    For further information visit https://errors.pydantic.dev/2.13/v/value_error
alpaca.mode
  Value error, mode must be 'paper' or 'live' [type=value_error, input_value='', input_type=str]
    For further information visit https://errors.pydantic.dev/2.13/v/value_error
Traceback (most recent call last):
  File "/Users/arbaz/projects/owls-street/owl-street-view/src/web.py", line 73, in startup_event
    config = load_config(config_path)
  File "/Users/arbaz/projects/owls-street/owl-street-view/src/config.py", line 68, in load_config
    return AppConfig.model_validate(yaml_data)
  File "/Users/arbaz/projects/owls-street/owl-street-view/.venv/lib/python3.9/site-packages/pydantic/main.py", line 732, in model_validate
    return cls.__pydantic_validator__.validate_python(
pydantic_core._pydantic_core.ValidationError: 3 validation errors for AppConfig
alpaca.api_key
  Value error, Credentials cannot be empty. Please check your config or environment variables. [type=value_error, input_value='', input_type=str]
    For further information visit https://errors.pydantic.dev/2.13/v/value_error
alpaca.api_secret
  Value error, Credentials cannot be empty. Please check your config or environment variables. [type=value_error, input_value='', input_type=str]
    For further information visit https://errors.pydantic.dev/2.13/v/value_error
alpaca.mode
  Value error, mode must be 'paper' or 'live' [type=value_error, input_value='', input_type=str]
    For further information visit https://errors.pydantic.dev/2.13/v/value_error
2026-06-17 17:12:01 [INFO] owl-street-view: Initializing Owl Street View Trading Dashboard...
2026-06-17 17:12:01 [INFO] owl-street-view: Starting dashboard server at http://0.0.0.0:8080...
2026-06-17 17:12:01 [INFO] src.web: Serving frontend static build from: /Users/arbaz/projects/owls-street/owl-street-view/frontend/build
2026-06-17 17:12:01 [INFO] src.web: AlpacaService initialized in web app.
2026-06-17 17:12:01 [INFO] src.web: Loaded config from 'config/config.yaml' and initialized Alpaca Service.
2026-06-17 17:13:20 [INFO] owl-street-view: Initializing Owl Street View Trading Dashboard...
2026-06-17 17:13:20 [INFO] owl-street-view: Starting dashboard server at http://0.0.0.0:8080...
2026-06-17 17:13:21 [INFO] src.web: Serving frontend static build from: /Users/arbaz/projects/owls-street/owl-street-view/frontend/build
2026-06-17 17:13:21 [INFO] src.web: AlpacaService initialized in web app.
2026-06-17 17:13:21 [INFO] src.web: Loaded config from 'config/config.yaml' and initialized Alpaca Service.
2026-06-17 17:19:26 [INFO] owl-street-view: Initializing Owl Street View Trading Dashboard...
2026-06-17 17:19:26 [INFO] owl-street-view: Starting dashboard server at http://0.0.0.0:8080...
2026-06-17 17:19:26 [INFO] src.web: Serving frontend static build from: /Users/arbaz/projects/owls-street/owl-street-view/frontend/build
2026-06-17 17:19:26 [INFO] src.web: AlpacaService initialized in web app.
2026-06-17 17:19:26 [INFO] src.web: Loaded config from 'config/config.yaml' and initialized Alpaca Service.
2026-06-17 17:20:11 [INFO] owl-street-view: Initializing Owl Street View Trading Dashboard...
2026-06-17 17:20:11 [INFO] owl-street-view: Starting dashboard server at http://0.0.0.0:8080...
2026-06-17 17:20:11 [INFO] src.web: Serving frontend static build from: /Users/arbaz/projects/owls-street/owl-street-view/frontend/build
2026-06-17 17:20:11 [INFO] src.web: AlpacaService initialized in web app.
2026-06-17 17:20:11 [INFO] src.web: Loaded config from 'config/config.yaml' and initialized Alpaca Service.
2026-06-17 17:21:08 [INFO] owl-street-view: Initializing Owl Street View Trading Dashboard...
2026-06-17 17:21:08 [INFO] owl-street-view: Starting dashboard server at http://0.0.0.0:8080...
2026-06-17 17:21:08 [INFO] src.web: Serving frontend static build from: /Users/arbaz/projects/owls-street/owl-street-view/frontend/build
2026-06-17 17:21:08 [INFO] src.web: AlpacaService initialized in web app.
2026-06-17 17:21:08 [INFO] src.web: Loaded config from 'config/config.yaml' and initialized Alpaca Service.
2026-06-17 17:21:32 [INFO] owl-street-view: Initializing Owl Street View Trading Dashboard...
2026-06-17 17:21:32 [INFO] owl-street-view: Starting dashboard server at http://0.0.0.0:8080...
2026-06-17 17:21:32 [INFO] src.web: Serving frontend static build from: /Users/arbaz/projects/owls-street/owl-street-view/frontend/build
2026-06-17 17:21:32 [INFO] src.web: AlpacaService initialized in web app.
2026-06-17 17:21:32 [INFO] src.web: Loaded config from 'config/config.yaml' and initialized Alpaca Service.
2026-06-17 17:27:19 [INFO] owl-street-view: Initializing Owl Street View Trading Dashboard...
2026-06-17 17:27:19 [INFO] owl-street-view: Starting dashboard server at http://0.0.0.0:8081...
2026-06-17 17:27:19 [INFO] src.web: Serving frontend static build from: /Users/arbaz/projects/owls-street/owl-street-view/frontend/build
2026-06-17 17:27:19 [INFO] src.web: AlpacaService initialized in web app.
2026-06-17 17:27:19 [INFO] src.web: Loaded config from 'config/config.yaml' and initialized Alpaca Service.
2026-06-17 17:30:00 [INFO] owl-street-view: Initializing Owl Street View Trading Dashboard...
2026-06-17 17:30:00 [INFO] owl-street-view: Starting dashboard server at http://0.0.0.0:8081...
2026-06-17 17:30:01 [INFO] src.web: Serving frontend static build from: /Users/arbaz/projects/owls-street/owl-street-view/frontend/build
2026-06-17 17:30:01 [INFO] src.web: AlpacaService initialized in web app.
2026-06-17 17:30:01 [INFO] src.web: Loaded config from 'config/config.yaml' and initialized Alpaca Service.
2026-06-17 17:33:11 [INFO] owl-street-view: Initializing Owl Street View Trading Dashboard...
2026-06-17 17:33:11 [INFO] owl-street-view: Starting dashboard server at http://0.0.0.0:8080...
2026-06-17 17:33:12 [INFO] src.web: Serving frontend static build from: /Users/arbaz/projects/owls-street/owl-street-view/frontend/build
2026-06-17 17:33:12 [INFO] src.web: AlpacaService initialized in web app.
2026-06-17 17:33:12 [INFO] src.web: Loaded config from 'config/config.yaml' and initialized Alpaca Service.
2026-06-17 17:35:34 [INFO] owl-street-view: Initializing Owl Street View Trading Dashboard...
2026-06-17 17:35:34 [INFO] owl-street-view: Starting dashboard server at http://0.0.0.0:8081...
2026-06-17 17:35:35 [INFO] src.web: Serving frontend static build from: /Users/arbaz/projects/owls-street/owl-street-view/frontend/build
2026-06-17 17:35:35 [INFO] src.web: AlpacaService initialized in web app.
2026-06-17 17:35:35 [INFO] src.web: Loaded config from 'config/config.yaml' and initialized Alpaca Service.
2026-06-17 17:41:59 [INFO] owl-street-view: Initializing Owl Street View Trading Dashboard...
2026-06-17 17:41:59 [INFO] owl-street-view: Starting dashboard server at http://0.0.0.0:8080...
2026-06-17 17:42:00 [INFO] src.web: Serving frontend static build from: /Users/arbaz/projects/owls-street/owl-street-view/frontend/build
2026-06-17 17:42:00 [INFO] src.web: AlpacaService initialized in web app.
2026-06-17 17:42:00 [INFO] src.web: Loaded config from 'config/config.yaml' and initialized Alpaca Service.
2026-06-17 17:44:54 [INFO] owl-street-view: Initializing Owl Street View Trading Dashboard...
2026-06-17 17:44:54 [INFO] owl-street-view: Starting dashboard server at http://0.0.0.0:8081...
2026-06-17 17:44:55 [INFO] src.web: Serving frontend static build from: /Users/arbaz/projects/owls-street/owl-street-view/frontend/build
2026-06-17 17:44:55 [INFO] src.web: AlpacaService initialized in web app.
2026-06-17 17:44:55 [INFO] src.web: Loaded config from 'config/config.yaml' and initialized Alpaca Service.
2026-06-17 17:45:18 [INFO] httpx: HTTP Request: GET http://localhost:8001/ "HTTP/1.1 200 OK"
2026-06-17 17:45:22 [INFO] httpx: HTTP Request: GET http://localhost:8001/ "HTTP/1.1 200 OK"
2026-06-17 17:45:32 [INFO] httpx: HTTP Request: GET http://localhost:8001/ "HTTP/1.1 200 OK"
2026-06-17 18:46:54 [INFO] owl-street-view: Initializing Owl Street View Trading Dashboard...
2026-06-17 18:46:54 [INFO] owl-street-view: Starting dashboard server at http://0.0.0.0:8081...
2026-06-17 18:46:54 [INFO] src.web: Serving frontend static build from: /Users/arbaz/projects/owls-street/owl-street-view/frontend/build
2026-06-17 18:46:54 [INFO] src.web: AlpacaService initialized in web app.
2026-06-17 18:46:54 [INFO] src.web: Loaded config from 'config/config.yaml' and initialized Alpaca Service.
2026-06-17 18:47:23 [INFO] httpx: HTTP Request: GET http://localhost:8001/ "HTTP/1.1 200 OK"
2026-06-17 18:47:28 [INFO] httpx: HTTP Request: GET http://localhost:8001/ "HTTP/1.1 200 OK"
2026-06-17 18:47:56 [INFO] httpx: HTTP Request: GET http://localhost:8001/ "HTTP/1.1 200 OK"
2026-06-17 18:47:58 [INFO] httpx: HTTP Request: GET http://localhost:8001/ "HTTP/1.1 200 OK"
2026-06-17 20:22:25 [INFO] owl-street-view: Initializing Owl Street View Trading Dashboard...
2026-06-17 20:22:25 [INFO] owl-street-view: Starting dashboard server at http://0.0.0.0:8081...
2026-06-17 20:22:26 [INFO] src.web: Serving frontend static build from: /Users/arbaz/projects/owls-street/owl-street-view/frontend/build
2026-06-17 20:22:26 [INFO] src.web: AlpacaService initialized in web app.
2026-06-17 20:22:26 [INFO] src.web: Loaded config from 'config/config.yaml' and initialized Alpaca Service.
2026-06-17 20:23:02 [INFO] httpx: HTTP Request: GET http://localhost:8001/ "HTTP/1.1 200 OK"
2026-06-17 20:23:08 [INFO] httpx: HTTP Request: GET http://localhost:8001/ "HTTP/1.1 200 OK"
2026-06-17 20:23:13 [INFO] httpx: HTTP Request: GET http://localhost:8001/ "HTTP/1.1 200 OK"
2026-06-17 20:23:18 [INFO] httpx: HTTP Request: GET http://localhost:8001/ "HTTP/1.1 200 OK"
2026-06-17 20:23:23 [INFO] httpx: HTTP Request: GET http://localhost:8001/ "HTTP/1.1 200 OK"
2026-06-17 20:23:28 [INFO] httpx: HTTP Request: GET http://localhost:8001/ "HTTP/1.1 200 OK"
2026-06-17 20:23:33 [INFO] httpx: HTTP Request: GET http://localhost:8001/ "HTTP/1.1 200 OK"
2026-06-17 20:23:38 [INFO] httpx: HTTP Request: GET http://localhost:8001/ "HTTP/1.1 200 OK"
2026-06-17 20:23:43 [INFO] httpx: HTTP Request: GET http://localhost:8001/ "HTTP/1.1 200 OK"
2026-06-17 20:23:48 [INFO] httpx: HTTP Request: GET http://localhost:8001/ "HTTP/1.1 200 OK"
2026-06-17 20:23:53 [INFO] httpx: HTTP Request: GET http://localhost:8001/ "HTTP/1.1 200 OK"
2026-06-17 20:23:58 [INFO] httpx: HTTP Request: GET http://localhost:8001/ "HTTP/1.1 200 OK"
2026-06-17 20:24:03 [INFO] httpx: HTTP Request: GET http://localhost:8001/ "HTTP/1.1 200 OK"
2026-06-17 20:24:39 [INFO] httpx: HTTP Request: GET http://localhost:8001/ "HTTP/1.1 200 OK"
2026-06-17 20:25:39 [INFO] httpx: HTTP Request: GET http://localhost:8001/ "HTTP/1.1 200 OK"
2026-06-17 20:26:39 [INFO] httpx: HTTP Request: GET http://localhost:8001/ "HTTP/1.1 200 OK"
2026-06-17 20:27:39 [INFO] httpx: HTTP Request: GET http://localhost:8001/ "HTTP/1.1 200 OK"
2026-06-17 20:28:39 [INFO] httpx: HTTP Request: GET http://localhost:8001/ "HTTP/1.1 200 OK"
2026-06-17 20:29:39 [INFO] httpx: HTTP Request: GET http://localhost:8001/ "HTTP/1.1 200 OK"
2026-06-17 20:30:39 [INFO] httpx: HTTP Request: GET http://localhost:8001/ "HTTP/1.1 200 OK"
2026-06-17 20:31:39 [INFO] httpx: HTTP Request: GET http://localhost:8001/ "HTTP/1.1 200 OK"
2026-06-17 20:31:55 [INFO] httpx: HTTP Request: GET http://localhost:8001/ "HTTP/1.1 200 OK"
2026-06-17 20:31:57 [INFO] httpx: HTTP Request: GET http://localhost:8001/ "HTTP/1.1 200 OK"
2026-06-17 20:32:02 [INFO] httpx: HTTP Request: GET http://localhost:8001/ "HTTP/1.1 200 OK"
2026-06-17 20:32:07 [INFO] httpx: HTTP Request: GET http://localhost:8001/ "HTTP/1.1 200 OK"
2026-06-17 20:32:13 [INFO] httpx: HTTP Request: GET http://localhost:8001/ "HTTP/1.1 200 OK"
2026-06-17 20:32:17 [INFO] httpx: HTTP Request: GET http://localhost:8001/ "HTTP/1.1 200 OK"
2026-06-17 20:32:22 [INFO] httpx: HTTP Request: GET http://localhost:8001/ "HTTP/1.1 200 OK"
2026-06-17 20:32:27 [INFO] httpx: HTTP Request: GET http://localhost:8001/ "HTTP/1.1 200 OK"
2026-06-17 20:32:33 [INFO] httpx: HTTP Request: GET http://localhost:8001/ "HTTP/1.1 200 OK"
2026-06-17 20:32:38 [INFO] httpx: HTTP Request: GET http://localhost:8001/ "HTTP/1.1 200 OK"
2026-06-17 20:32:43 [INFO] httpx: HTTP Request: GET http://localhost:8001/ "HTTP/1.1 200 OK"
2026-06-17 20:32:48 [INFO] httpx: HTTP Request: GET http://localhost:8001/ "HTTP/1.1 200 OK"
2026-06-17 20:32:52 [INFO] httpx: HTTP Request: GET http://localhost:8001/ "HTTP/1.1 200 OK"
2026-06-17 20:32:57 [INFO] httpx: HTTP Request: GET http://localhost:8001/ "HTTP/1.1 200 OK"
2026-06-17 20:33:02 [INFO] httpx: HTTP Request: GET http://localhost:8001/ "HTTP/1.1 200 OK"
2026-06-17 20:33:07 [INFO] httpx: HTTP Request: GET http://localhost:8001/ "HTTP/1.1 200 OK"
2026-06-17 20:33:12 [INFO] httpx: HTTP Request: GET http://localhost:8001/ "HTTP/1.1 200 OK"
2026-06-17 20:33:17 [INFO] httpx: HTTP Request: GET http://localhost:8001/ "HTTP/1.1 200 OK"
2026-06-17 20:33:22 [INFO] httpx: HTTP Request: GET http://localhost:8001/ "HTTP/1.1 200 OK"
2026-06-17 20:33:27 [INFO] httpx: HTTP Request: GET http://localhost:8001/ "HTTP/1.1 200 OK"
2026-06-17 20:33:32 [INFO] httpx: HTTP Request: GET http://localhost:8001/ "HTTP/1.1 200 OK"
2026-06-17 20:33:37 [INFO] httpx: HTTP Request: GET http://localhost:8001/ "HTTP/1.1 200 OK"
2026-06-17 20:33:42 [INFO] httpx: HTTP Request: GET http://localhost:8001/ "HTTP/1.1 200 OK"
2026-06-17 20:33:47 [INFO] httpx: HTTP Request: GET http://localhost:8001/ "HTTP/1.1 200 OK"
2026-06-17 20:33:52 [INFO] httpx: HTTP Request: GET http://localhost:8001/ "HTTP/1.1 200 OK"
2026-06-17 20:33:57 [INFO] httpx: HTTP Request: GET http://localhost:8001/ "HTTP/1.1 200 OK"
2026-06-17 20:34:02 [INFO] httpx: HTTP Request: GET http://localhost:8001/ "HTTP/1.1 200 OK"
2026-06-17 20:34:07 [INFO] httpx: HTTP Request: GET http://localhost:8001/ "HTTP/1.1 200 OK"
2026-06-17 20:34:12 [INFO] httpx: HTTP Request: GET http://localhost:8001/ "HTTP/1.1 200 OK"
2026-06-17 20:34:17 [INFO] httpx: HTTP Request: GET http://localhost:8001/ "HTTP/1.1 200 OK"
2026-06-17 20:34:22 [INFO] httpx: HTTP Request: GET http://localhost:8001/ "HTTP/1.1 200 OK"
2026-06-17 20:34:27 [INFO] httpx: HTTP Request: GET http://localhost:8001/ "HTTP/1.1 200 OK"
2026-06-17 20:34:32 [INFO] httpx: HTTP Request: GET http://localhost:8001/ "HTTP/1.1 200 OK"
2026-06-17 20:34:37 [INFO] httpx: HTTP Request: GET http://localhost:8001/ "HTTP/1.1 200 OK"
2026-06-17 20:34:42 [INFO] httpx: HTTP Request: GET http://localhost:8001/ "HTTP/1.1 200 OK"
2026-06-17 20:34:47 [INFO] httpx: HTTP Request: GET http://localhost:8001/ "HTTP/1.1 200 OK"
2026-06-17 20:34:52 [INFO] httpx: HTTP Request: GET http://localhost:8001/ "HTTP/1.1 200 OK"
2026-06-17 20:34:57 [INFO] httpx: HTTP Request: GET http://localhost:8001/ "HTTP/1.1 200 OK"
2026-06-17 20:35:02 [INFO] httpx: HTTP Request: GET http://localhost:8001/ "HTTP/1.1 200 OK"
2026-06-17 20:35:07 [INFO] httpx: HTTP Request: GET http://localhost:8001/ "HTTP/1.1 200 OK"
2026-06-17 20:35:12 [INFO] httpx: HTTP Request: GET http://localhost:8001/ "HTTP/1.1 200 OK"
2026-06-17 20:35:17 [INFO] httpx: HTTP Request: GET http://localhost:8001/ "HTTP/1.1 200 OK"
2026-06-17 20:35:22 [INFO] httpx: HTTP Request: GET http://localhost:8001/ "HTTP/1.1 200 OK"
2026-06-17 20:35:27 [INFO] httpx: HTTP Request: GET http://localhost:8001/ "HTTP/1.1 200 OK"
2026-06-17 20:35:32 [INFO] httpx: HTTP Request: GET http://localhost:8001/ "HTTP/1.1 200 OK"
2026-06-17 20:35:37 [INFO] httpx: HTTP Request: GET http://localhost:8001/ "HTTP/1.1 200 OK"
2026-06-17 20:35:42 [INFO] httpx: HTTP Request: GET http://localhost:8001/ "HTTP/1.1 200 OK"
2026-06-17 20:35:47 [INFO] httpx: HTTP Request: GET http://localhost:8001/ "HTTP/1.1 200 OK"
2026-06-17 20:35:52 [INFO] httpx: HTTP Request: GET http://localhost:8001/ "HTTP/1.1 200 OK"
2026-06-17 20:35:57 [INFO] httpx: HTTP Request: GET http://localhost:8001/ "HTTP/1.1 200 OK"
2026-06-17 20:36:02 [INFO] httpx: HTTP Request: GET http://localhost:8001/ "HTTP/1.1 200 OK"
2026-06-17 20:36:07 [INFO] httpx: HTTP Request: GET http://localhost:8001/ "HTTP/1.1 200 OK"
2026-06-17 20:36:12 [INFO] httpx: HTTP Request: GET http://localhost:8001/ "HTTP/1.1 200 OK"
2026-06-17 20:36:17 [INFO] httpx: HTTP Request: GET http://localhost:8001/ "HTTP/1.1 200 OK"
2026-06-17 20:36:22 [INFO] httpx: HTTP Request: GET http://localhost:8001/ "HTTP/1.1 200 OK"
2026-06-17 20:36:28 [INFO] httpx: HTTP Request: GET http://localhost:8001/ "HTTP/1.1 200 OK"
2026-06-17 20:36:33 [INFO] httpx: HTTP Request: GET http://localhost:8001/ "HTTP/1.1 200 OK"
2026-06-17 20:36:38 [INFO] httpx: HTTP Request: GET http://localhost:8001/ "HTTP/1.1 200 OK"
2026-06-17 20:36:43 [INFO] httpx: HTTP Request: GET http://localhost:8001/ "HTTP/1.1 200 OK"
2026-06-17 20:36:48 [INFO] httpx: HTTP Request: GET http://localhost:8001/ "HTTP/1.1 200 OK"
2026-06-17 20:36:53 [INFO] httpx: HTTP Request: GET http://localhost:8001/ "HTTP/1.1 200 OK"
2026-06-17 20:36:58 [INFO] httpx: HTTP Request: GET http://localhost:8001/ "HTTP/1.1 200 OK"
2026-06-17 20:37:03 [INFO] httpx: HTTP Request: GET http://localhost:8001/ "HTTP/1.1 200 OK"
2026-06-17 20:37:08 [INFO] httpx: HTTP Request: GET http://localhost:8001/ "HTTP/1.1 200 OK"
2026-06-17 20:37:13 [INFO] httpx: HTTP Request: GET http://localhost:8001/ "HTTP/1.1 200 OK"
2026-06-17 20:37:18 [INFO] httpx: HTTP Request: GET http://localhost:8001/ "HTTP/1.1 200 OK"
2026-06-17 20:37:23 [INFO] httpx: HTTP Request: GET http://localhost:8001/ "HTTP/1.1 200 OK"
2026-06-17 20:37:39 [INFO] httpx: HTTP Request: GET http://localhost:8001/ "HTTP/1.1 200 OK"
2026-06-17 20:38:39 [INFO] httpx: HTTP Request: GET http://localhost:8001/ "HTTP/1.1 200 OK"
2026-06-17 20:39:39 [INFO] httpx: HTTP Request: GET http://localhost:8001/ "HTTP/1.1 200 OK"
2026-06-17 20:40:39 [INFO] httpx: HTTP Request: GET http://localhost:8001/ "HTTP/1.1 200 OK"
2026-07-13 13:49:37 [INFO] owl-street-view: Initializing Owl Street View Trading Dashboard...
2026-07-13 13:49:37 [INFO] owl-street-view: Starting dashboard server at http://0.0.0.0:8080...
2026-07-13 13:49:37 [INFO] src.web: Serving frontend static build from: /Users/sandy/Documents/openowls/owls-street/owl-street-view/frontend/build
2026-07-13 13:49:38 [INFO] src.web: AlpacaService initialized in web app.
2026-07-13 13:49:38 [INFO] src.web: Loaded config from 'config/config.yaml' and initialized Alpaca Service.
2026-07-15 18:55:21 [INFO] owl-street-view: Initializing Owl Street View Trading Dashboard...
2026-07-15 18:55:21 [INFO] owl-street-view: Starting dashboard server at http://0.0.0.0:8080...
2026-07-15 18:55:22 [INFO] src.web: Serving frontend static build from: /Users/sandy/Documents/openowls/owls-street/owl-street-view/frontend/build
2026-07-15 18:55:22 [INFO] src.web: AlpacaService initialized in web app.
2026-07-15 18:55:22 [INFO] src.web: Loaded config from 'config/config.yaml' and initialized Alpaca Service.
2026-07-15 18:58:07 [INFO] owl-street-view: Initializing Owl Street View Trading Dashboard...
2026-07-15 18:58:07 [INFO] owl-street-view: Starting dashboard server at http://0.0.0.0:8080...
2026-07-15 18:58:07 [INFO] src.web: Serving frontend static build from: /Users/sandy/Documents/openowls/owls-street/owl-street-view/frontend/build
2026-07-15 18:58:07 [INFO] src.web: AlpacaService initialized in web app.
2026-07-15 18:58:07 [INFO] src.web: Loaded config from 'config/config.yaml' and initialized Alpaca Service.
2026-07-15 19:02:44 [INFO] owl-street-view: Initializing Owl Street View Trading Dashboard...
2026-07-15 19:02:44 [INFO] owl-street-view: Starting dashboard server at http://0.0.0.0:8080...
2026-07-15 19:02:44 [INFO] src.web: Serving frontend static build from: /Users/sandy/Documents/openowls/owls-street/owl-street-view/frontend/build
2026-07-15 19:02:44 [INFO] src.web: AlpacaService initialized in web app.
2026-07-15 19:02:44 [INFO] src.web: Loaded config from 'config/config.yaml' and initialized Alpaca Service.
2026-07-15 19:03:57 [ERROR] src.web: Failed to reach Pulse backend for chat: All connection attempts failed
2026-07-15 19:04:21 [INFO] httpx: HTTP Request: GET http://localhost:8001/ "HTTP/1.1 200 OK"
2026-07-15 19:04:26 [INFO] httpx: HTTP Request: GET http://localhost:8001/ "HTTP/1.1 200 OK"
2026-07-15 19:04:31 [INFO] httpx: HTTP Request: GET http://localhost:8001/ "HTTP/1.1 200 OK"
2026-07-15 19:04:36 [INFO] httpx: HTTP Request: GET http://localhost:8001/ "HTTP/1.1 200 OK"
2026-07-15 19:04:41 [INFO] httpx: HTTP Request: GET http://localhost:8001/ "HTTP/1.1 200 OK"
2026-07-15 19:04:44 [INFO] httpx: HTTP Request: POST http://localhost:8001/api/chat "HTTP/1.1 401 Unauthorized"
2026-07-15 19:04:46 [INFO] httpx: HTTP Request: GET http://localhost:8001/ "HTTP/1.1 200 OK"
2026-07-15 19:04:51 [INFO] httpx: HTTP Request: GET http://localhost:8001/ "HTTP/1.1 200 OK"
2026-07-15 19:04:56 [INFO] httpx: HTTP Request: GET http://localhost:8001/ "HTTP/1.1 200 OK"
2026-07-15 19:05:01 [INFO] httpx: HTTP Request: GET http://localhost:8001/ "HTTP/1.1 200 OK"
2026-07-15 19:05:13 [INFO] httpx: HTTP Request: GET http://localhost:8001/ "HTTP/1.1 200 OK"
2026-07-15 19:05:18 [INFO] httpx: HTTP Request: GET http://localhost:8001/ "HTTP/1.1 200 OK"
2026-07-15 19:05:23 [INFO] httpx: HTTP Request: GET http://localhost:8001/ "HTTP/1.1 200 OK"
2026-07-15 19:05:28 [INFO] httpx: HTTP Request: GET http://localhost:8001/ "HTTP/1.1 200 OK"
2026-07-15 19:05:33 [INFO] httpx: HTTP Request: GET http://localhost:8001/ "HTTP/1.1 200 OK"
2026-07-15 19:05:38 [INFO] httpx: HTTP Request: GET http://localhost:8001/ "HTTP/1.1 200 OK"
2026-07-15 19:05:43 [INFO] httpx: HTTP Request: GET http://localhost:8001/ "HTTP/1.1 200 OK"
2026-07-15 19:05:48 [INFO] httpx: HTTP Request: GET http://localhost:8001/ "HTTP/1.1 200 OK"
2026-07-15 19:05:49 [INFO] httpx: HTTP Request: POST http://localhost:8001/api/chat "HTTP/1.1 401 Unauthorized"
2026-07-15 19:05:53 [INFO] httpx: HTTP Request: GET http://localhost:8001/ "HTTP/1.1 200 OK"
2026-07-15 19:05:58 [INFO] httpx: HTTP Request: GET http://localhost:8001/ "HTTP/1.1 200 OK"
2026-07-15 19:06:03 [INFO] httpx: HTTP Request: GET http://localhost:8001/ "HTTP/1.1 200 OK"
2026-07-15 19:06:08 [INFO] httpx: HTTP Request: GET http://localhost:8001/ "HTTP/1.1 200 OK"
2026-07-15 19:07:35 [INFO] httpx: HTTP Request: GET http://localhost:8001/ "HTTP/1.1 200 OK"
2026-07-15 19:07:40 [INFO] httpx: HTTP Request: GET http://localhost:8001/ "HTTP/1.1 200 OK"
2026-07-15 19:08:10 [INFO] httpx: HTTP Request: GET http://localhost:8001/ "HTTP/1.1 200 OK"
2026-07-15 19:08:15 [INFO] httpx: HTTP Request: GET http://localhost:8001/ "HTTP/1.1 200 OK"
2026-07-15 19:08:20 [INFO] httpx: HTTP Request: GET http://localhost:8001/ "HTTP/1.1 200 OK"
2026-07-15 19:08:25 [INFO] httpx: HTTP Request: GET http://localhost:8001/ "HTTP/1.1 200 OK"
2026-07-15 19:08:30 [INFO] httpx: HTTP Request: GET http://localhost:8001/ "HTTP/1.1 200 OK"
2026-07-15 19:08:35 [INFO] httpx: HTTP Request: GET http://localhost:8001/ "HTTP/1.1 200 OK"
2026-07-15 19:09:47 [INFO] httpx: HTTP Request: GET http://localhost:8001/ "HTTP/1.1 200 OK"
2026-07-15 19:09:52 [INFO] httpx: HTTP Request: GET http://localhost:8001/ "HTTP/1.1 200 OK"
2026-07-15 19:09:57 [INFO] httpx: HTTP Request: GET http://localhost:8001/ "HTTP/1.1 200 OK"
2026-07-15 19:10:32 [INFO] httpx: HTTP Request: GET http://localhost:8001/ "HTTP/1.1 200 OK"
2026-07-15 19:10:37 [INFO] httpx: HTTP Request: GET http://localhost:8001/ "HTTP/1.1 200 OK"
2026-07-15 19:10:42 [INFO] httpx: HTTP Request: GET http://localhost:8001/ "HTTP/1.1 200 OK"
2026-07-15 19:10:47 [INFO] httpx: HTTP Request: GET http://localhost:8001/ "HTTP/1.1 200 OK"
2026-07-15 19:10:52 [INFO] httpx: HTTP Request: GET http://localhost:8001/ "HTTP/1.1 200 OK"
2026-07-15 19:10:57 [INFO] httpx: HTTP Request: GET http://localhost:8001/ "HTTP/1.1 200 OK"
2026-07-15 19:11:02 [INFO] httpx: HTTP Request: GET http://localhost:8001/ "HTTP/1.1 200 OK"
2026-07-15 19:11:07 [INFO] httpx: HTTP Request: GET http://localhost:8001/ "HTTP/1.1 200 OK"
2026-07-15 19:11:12 [INFO] httpx: HTTP Request: GET http://localhost:8001/ "HTTP/1.1 200 OK"
2026-07-15 19:11:17 [INFO] httpx: HTTP Request: GET http://localhost:8001/ "HTTP/1.1 200 OK"
2026-07-15 19:11:22 [INFO] httpx: HTTP Request: GET http://localhost:8001/ "HTTP/1.1 200 OK"
2026-07-15 19:11:27 [INFO] httpx: HTTP Request: GET http://localhost:8001/ "HTTP/1.1 200 OK"
2026-07-15 19:11:32 [INFO] httpx: HTTP Request: GET http://localhost:8001/ "HTTP/1.1 200 OK"
2026-07-15 19:11:37 [INFO] httpx: HTTP Request: GET http://localhost:8001/ "HTTP/1.1 200 OK"
2026-07-15 19:11:42 [INFO] httpx: HTTP Request: GET http://localhost:8001/ "HTTP/1.1 200 OK"
2026-07-15 19:12:02 [INFO] httpx: HTTP Request: GET http://localhost:8001/ "HTTP/1.1 200 OK"
2026-07-15 19:12:07 [INFO] httpx: HTTP Request: GET http://localhost:8001/ "HTTP/1.1 200 OK"
2026-07-15 19:12:12 [INFO] httpx: HTTP Request: GET http://localhost:8001/ "HTTP/1.1 200 OK"
2026-07-15 19:12:17 [INFO] httpx: HTTP Request: GET http://localhost:8001/ "HTTP/1.1 200 OK"
2026-07-15 19:12:22 [INFO] httpx: HTTP Request: GET http://localhost:8001/ "HTTP/1.1 200 OK"
2026-07-15 19:12:27 [INFO] httpx: HTTP Request: GET http://localhost:8001/ "HTTP/1.1 200 OK"
2026-07-15 19:12:32 [INFO] httpx: HTTP Request: GET http://localhost:8001/ "HTTP/1.1 200 OK"
2026-07-15 19:12:37 [INFO] httpx: HTTP Request: GET http://localhost:8001/ "HTTP/1.1 200 OK"
2026-07-15 19:12:42 [INFO] httpx: HTTP Request: GET http://localhost:8001/ "HTTP/1.1 200 OK"
2026-07-15 19:12:47 [INFO] httpx: HTTP Request: GET http://localhost:8001/ "HTTP/1.1 200 OK"
2026-07-15 19:13:26 [INFO] httpx: HTTP Request: GET http://localhost:8001/ "HTTP/1.1 200 OK"
2026-07-15 19:13:31 [INFO] httpx: HTTP Request: GET http://localhost:8001/ "HTTP/1.1 200 OK"
2026-07-15 19:13:36 [INFO] httpx: HTTP Request: GET http://localhost:8001/ "HTTP/1.1 200 OK"
2026-07-15 19:14:00 [INFO] httpx: HTTP Request: GET http://localhost:8001/ "HTTP/1.1 200 OK"
2026-07-15 19:14:05 [INFO] httpx: HTTP Request: GET http://localhost:8001/ "HTTP/1.1 200 OK"
2026-07-15 19:14:10 [INFO] httpx: HTTP Request: GET http://localhost:8001/ "HTTP/1.1 200 OK"
2026-07-15 19:14:15 [INFO] httpx: HTTP Request: GET http://localhost:8001/ "HTTP/1.1 200 OK"
2026-07-15 19:14:20 [INFO] httpx: HTTP Request: GET http://localhost:8001/ "HTTP/1.1 200 OK"
2026-07-15 19:14:25 [INFO] httpx: HTTP Request: GET http://localhost:8001/ "HTTP/1.1 200 OK"
2026-07-15 19:14:30 [INFO] httpx: HTTP Request: GET http://localhost:8001/ "HTTP/1.1 200 OK"
2026-07-15 19:14:35 [INFO] httpx: HTTP Request: GET http://localhost:8001/ "HTTP/1.1 200 OK"
2026-07-15 19:14:40 [INFO] httpx: HTTP Request: GET http://localhost:8001/ "HTTP/1.1 200 OK"
2026-07-15 19:14:45 [INFO] httpx: HTTP Request: GET http://localhost:8001/ "HTTP/1.1 200 OK"
2026-07-15 19:14:50 [INFO] httpx: HTTP Request: GET http://localhost:8001/ "HTTP/1.1 200 OK"
2026-07-15 19:14:55 [INFO] httpx: HTTP Request: GET http://localhost:8001/ "HTTP/1.1 200 OK"
2026-07-15 19:15:00 [INFO] httpx: HTTP Request: GET http://localhost:8001/ "HTTP/1.1 200 OK"
2026-07-15 19:15:05 [INFO] httpx: HTTP Request: GET http://localhost:8001/ "HTTP/1.1 200 OK"
2026-07-15 19:15:10 [INFO] httpx: HTTP Request: GET http://localhost:8001/ "HTTP/1.1 200 OK"
2026-07-15 19:15:15 [INFO] httpx: HTTP Request: GET http://localhost:8001/ "HTTP/1.1 200 OK"
2026-07-15 19:15:33 [INFO] httpx: HTTP Request: GET http://localhost:8001/ "HTTP/1.1 200 OK"
2026-07-15 19:15:38 [INFO] httpx: HTTP Request: GET http://localhost:8001/ "HTTP/1.1 200 OK"
2026-07-15 19:15:43 [INFO] httpx: HTTP Request: GET http://localhost:8001/ "HTTP/1.1 200 OK"
2026-07-15 19:15:48 [INFO] httpx: HTTP Request: GET http://localhost:8001/ "HTTP/1.1 200 OK"
2026-07-15 19:15:53 [INFO] httpx: HTTP Request: GET http://localhost:8001/ "HTTP/1.1 200 OK"
2026-07-15 19:15:58 [INFO] httpx: HTTP Request: GET http://localhost:8001/ "HTTP/1.1 200 OK"
2026-07-15 19:16:03 [INFO] httpx: HTTP Request: GET http://localhost:8001/ "HTTP/1.1 200 OK"
2026-07-15 19:16:08 [INFO] httpx: HTTP Request: GET http://localhost:8001/ "HTTP/1.1 200 OK"
2026-07-15 19:16:13 [INFO] httpx: HTTP Request: GET http://localhost:8001/ "HTTP/1.1 200 OK"
2026-07-15 19:16:18 [INFO] httpx: HTTP Request: GET http://localhost:8001/ "HTTP/1.1 200 OK"
2026-07-15 19:16:23 [INFO] httpx: HTTP Request: GET http://localhost:8001/ "HTTP/1.1 200 OK"
2026-07-15 19:16:28 [INFO] httpx: HTTP Request: GET http://localhost:8001/ "HTTP/1.1 200 OK"
2026-07-15 19:16:52 [INFO] httpx: HTTP Request: GET http://localhost:8001/ "HTTP/1.1 200 OK"
2026-07-15 19:16:57 [INFO] httpx: HTTP Request: GET http://localhost:8001/ "HTTP/1.1 200 OK"
2026-07-15 19:17:28 [INFO] httpx: HTTP Request: GET http://localhost:8001/ "HTTP/1.1 200 OK"
2026-07-15 19:17:33 [INFO] httpx: HTTP Request: GET http://localhost:8001/ "HTTP/1.1 200 OK"
2026-07-15 19:17:38 [INFO] httpx: HTTP Request: GET http://localhost:8001/ "HTTP/1.1 200 OK"
2026-07-15 19:17:43 [INFO] httpx: HTTP Request: GET http://localhost:8001/ "HTTP/1.1 200 OK"
2026-07-15 19:17:48 [INFO] httpx: HTTP Request: GET http://localhost:8001/ "HTTP/1.1 200 OK"
2026-07-15 19:17:53 [INFO] httpx: HTTP Request: GET http://localhost:8001/ "HTTP/1.1 200 OK"
2026-07-15 19:17:58 [INFO] httpx: HTTP Request: GET http://localhost:8001/ "HTTP/1.1 200 OK"
2026-07-15 19:18:02 [INFO] httpx: HTTP Request: POST http://localhost:8001/api/chat "HTTP/1.1 401 Unauthorized"
2026-07-15 19:18:03 [INFO] httpx: HTTP Request: GET http://localhost:8001/ "HTTP/1.1 200 OK"
2026-07-15 19:18:08 [INFO] httpx: HTTP Request: GET http://localhost:8001/ "HTTP/1.1 200 OK"
2026-07-15 19:18:13 [INFO] httpx: HTTP Request: GET http://localhost:8001/ "HTTP/1.1 200 OK"
2026-07-15 19:18:18 [INFO] httpx: HTTP Request: GET http://localhost:8001/ "HTTP/1.1 200 OK"
2026-07-15 19:18:23 [INFO] httpx: HTTP Request: GET http://localhost:8001/ "HTTP/1.1 200 OK"
2026-07-15 19:18:28 [INFO] httpx: HTTP Request: GET http://localhost:8001/ "HTTP/1.1 200 OK"
2026-07-15 19:18:33 [INFO] httpx: HTTP Request: GET http://localhost:8001/ "HTTP/1.1 200 OK"
2026-07-15 19:18:38 [INFO] httpx: HTTP Request: GET http://localhost:8001/ "HTTP/1.1 200 OK"
2026-07-15 19:18:43 [INFO] httpx: HTTP Request: GET http://localhost:8001/ "HTTP/1.1 200 OK"
2026-07-15 19:18:48 [INFO] httpx: HTTP Request: GET http://localhost:8001/ "HTTP/1.1 200 OK"
2026-07-15 19:18:53 [INFO] httpx: HTTP Request: GET http://localhost:8001/ "HTTP/1.1 200 OK"
2026-07-15 19:18:58 [INFO] httpx: HTTP Request: GET http://localhost:8001/ "HTTP/1.1 200 OK"
2026-07-15 19:19:03 [INFO] httpx: HTTP Request: GET http://localhost:8001/ "HTTP/1.1 200 OK"
2026-07-15 19:19:08 [INFO] httpx: HTTP Request: GET http://localhost:8001/ "HTTP/1.1 200 OK"
2026-07-15 19:19:13 [INFO] httpx: HTTP Request: GET http://localhost:8001/ "HTTP/1.1 200 OK"
2026-07-15 19:19:18 [INFO] httpx: HTTP Request: GET http://localhost:8001/ "HTTP/1.1 200 OK"
2026-07-15 19:19:23 [INFO] httpx: HTTP Request: GET http://localhost:8001/ "HTTP/1.1 200 OK"
2026-07-15 19:19:28 [INFO] httpx: HTTP Request: GET http://localhost:8001/ "HTTP/1.1 200 OK"
2026-07-15 19:19:33 [INFO] httpx: HTTP Request: GET http://localhost:8001/ "HTTP/1.1 200 OK"
2026-07-15 19:19:38 [INFO] httpx: HTTP Request: GET http://localhost:8001/ "HTTP/1.1 200 OK"
2026-07-15 19:19:43 [INFO] httpx: HTTP Request: GET http://localhost:8001/ "HTTP/1.1 200 OK"
2026-07-15 19:19:48 [INFO] httpx: HTTP Request: GET http://localhost:8001/ "HTTP/1.1 200 OK"
2026-07-15 19:19:53 [INFO] httpx: HTTP Request: GET http://localhost:8001/ "HTTP/1.1 200 OK"
2026-07-15 19:19:58 [INFO] httpx: HTTP Request: GET http://localhost:8001/ "HTTP/1.1 200 OK"
2026-07-15 19:20:03 [INFO] httpx: HTTP Request: GET http://localhost:8001/ "HTTP/1.1 200 OK"
2026-07-15 19:20:08 [INFO] httpx: HTTP Request: GET http://localhost:8001/ "HTTP/1.1 200 OK"
2026-07-15 19:20:13 [INFO] httpx: HTTP Request: GET http://localhost:8001/ "HTTP/1.1 200 OK"
2026-07-15 19:20:18 [INFO] httpx: HTTP Request: GET http://localhost:8001/ "HTTP/1.1 200 OK"
2026-07-15 19:20:23 [INFO] httpx: HTTP Request: GET http://localhost:8001/ "HTTP/1.1 200 OK"
2026-07-15 19:20:28 [INFO] httpx: HTTP Request: GET http://localhost:8001/ "HTTP/1.1 200 OK"
2026-07-15 19:20:33 [INFO] httpx: HTTP Request: GET http://localhost:8001/ "HTTP/1.1 200 OK"
2026-07-15 19:20:38 [INFO] httpx: HTTP Request: GET http://localhost:8001/ "HTTP/1.1 200 OK"
2026-07-15 19:20:43 [INFO] httpx: HTTP Request: GET http://localhost:8001/ "HTTP/1.1 200 OK"
2026-07-15 19:20:48 [INFO] httpx: HTTP Request: GET http://localhost:8001/ "HTTP/1.1 200 OK"
2026-07-15 19:20:53 [INFO] httpx: HTTP Request: GET http://localhost:8001/ "HTTP/1.1 200 OK"
2026-07-15 19:20:58 [INFO] httpx: HTTP Request: GET http://localhost:8001/ "HTTP/1.1 200 OK"
2026-07-15 19:21:03 [INFO] httpx: HTTP Request: GET http://localhost:8001/ "HTTP/1.1 200 OK"
2026-07-15 19:21:08 [INFO] httpx: HTTP Request: GET http://localhost:8001/ "HTTP/1.1 200 OK"
2026-07-15 19:21:13 [INFO] httpx: HTTP Request: GET http://localhost:8001/ "HTTP/1.1 200 OK"
2026-07-15 19:21:18 [INFO] httpx: HTTP Request: GET http://localhost:8001/ "HTTP/1.1 200 OK"
2026-07-15 19:21:23 [INFO] httpx: HTTP Request: GET http://localhost:8001/ "HTTP/1.1 200 OK"
2026-07-15 19:21:42 [INFO] httpx: HTTP Request: GET http://localhost:8001/ "HTTP/1.1 200 OK"
2026-07-15 19:21:47 [INFO] httpx: HTTP Request: GET http://localhost:8001/ "HTTP/1.1 200 OK"
2026-07-15 19:21:52 [INFO] httpx: HTTP Request: GET http://localhost:8001/ "HTTP/1.1 200 OK"
2026-07-15 19:21:57 [INFO] httpx: HTTP Request: GET http://localhost:8001/ "HTTP/1.1 200 OK"
2026-07-15 19:22:02 [INFO] httpx: HTTP Request: GET http://localhost:8001/ "HTTP/1.1 200 OK"
2026-07-15 19:22:07 [INFO] httpx: HTTP Request: GET http://localhost:8001/ "HTTP/1.1 200 OK"
2026-07-15 19:22:12 [INFO] httpx: HTTP Request: GET http://localhost:8001/ "HTTP/1.1 200 OK"
2026-07-15 19:22:17 [INFO] httpx: HTTP Request: GET http://localhost:8001/ "HTTP/1.1 200 OK"
2026-07-15 19:22:21 [INFO] httpx: HTTP Request: GET http://localhost:8001/ "HTTP/1.1 200 OK"
2026-07-15 19:22:26 [INFO] httpx: HTTP Request: GET http://localhost:8001/ "HTTP/1.1 200 OK"
2026-07-15 19:22:31 [INFO] httpx: HTTP Request: GET http://localhost:8001/ "HTTP/1.1 200 OK"
2026-07-15 19:22:36 [INFO] httpx: HTTP Request: GET http://localhost:8001/ "HTTP/1.1 200 OK"
2026-07-15 19:22:41 [INFO] httpx: HTTP Request: GET http://localhost:8001/ "HTTP/1.1 200 OK"
2026-07-15 19:22:46 [INFO] httpx: HTTP Request: GET http://localhost:8001/ "HTTP/1.1 200 OK"
2026-07-15 19:22:51 [INFO] httpx: HTTP Request: GET http://localhost:8001/ "HTTP/1.1 200 OK"
2026-07-15 19:22:55 [INFO] httpx: HTTP Request: GET http://localhost:8001/ "HTTP/1.1 200 OK"
2026-07-15 19:22:56 [INFO] httpx: HTTP Request: GET http://localhost:8001/ "HTTP/1.1 200 OK"
2026-07-15 19:23:00 [INFO] httpx: HTTP Request: GET http://localhost:8001/ "HTTP/1.1 200 OK"
2026-07-15 19:23:01 [INFO] httpx: HTTP Request: GET http://localhost:8001/ "HTTP/1.1 200 OK"
2026-07-15 19:23:01 [INFO] httpx: HTTP Request: POST http://localhost:8001/api/chat "HTTP/1.1 401 Unauthorized"
2026-07-15 19:23:05 [INFO] httpx: HTTP Request: GET http://localhost:8001/ "HTTP/1.1 200 OK"
2026-07-15 19:23:06 [INFO] httpx: HTTP Request: GET http://localhost:8001/ "HTTP/1.1 200 OK"
2026-07-15 19:23:10 [INFO] httpx: HTTP Request: GET http://localhost:8001/ "HTTP/1.1 200 OK"
2026-07-15 19:23:10 [INFO] httpx: HTTP Request: GET http://localhost:8001/ "HTTP/1.1 200 OK"
2026-07-15 19:23:15 [INFO] httpx: HTTP Request: GET http://localhost:8001/ "HTTP/1.1 200 OK"
2026-07-15 19:23:15 [INFO] httpx: HTTP Request: GET http://localhost:8001/ "HTTP/1.1 200 OK"
2026-07-15 19:23:20 [INFO] httpx: HTTP Request: GET http://localhost:8001/ "HTTP/1.1 200 OK"
2026-07-15 19:23:25 [INFO] httpx: HTTP Request: GET http://localhost:8001/ "HTTP/1.1 200 OK"
2026-07-15 19:23:30 [INFO] httpx: HTTP Request: GET http://localhost:8001/ "HTTP/1.1 200 OK"
2026-07-15 19:23:35 [INFO] httpx: HTTP Request: GET http://localhost:8001/ "HTTP/1.1 200 OK"
2026-07-15 19:23:35 [INFO] httpx: HTTP Request: GET http://localhost:8001/ "HTTP/1.1 200 OK"
2026-07-15 19:23:40 [INFO] httpx: HTTP Request: GET http://localhost:8001/ "HTTP/1.1 200 OK"
2026-07-15 19:23:40 [INFO] httpx: HTTP Request: GET http://localhost:8001/ "HTTP/1.1 200 OK"
2026-07-15 19:23:45 [INFO] httpx: HTTP Request: GET http://localhost:8001/ "HTTP/1.1 200 OK"
2026-07-15 19:23:45 [INFO] httpx: HTTP Request: GET http://localhost:8001/ "HTTP/1.1 200 OK"
2026-07-15 19:23:50 [INFO] httpx: HTTP Request: GET http://localhost:8001/ "HTTP/1.1 200 OK"
2026-07-15 19:23:50 [INFO] httpx: HTTP Request: GET http://localhost:8001/ "HTTP/1.1 200 OK"
2026-07-15 19:23:55 [INFO] httpx: HTTP Request: GET http://localhost:8001/ "HTTP/1.1 200 OK"
2026-07-15 19:23:55 [INFO] httpx: HTTP Request: GET http://localhost:8001/ "HTTP/1.1 200 OK"
2026-07-15 19:24:00 [INFO] httpx: HTTP Request: GET http://localhost:8001/ "HTTP/1.1 200 OK"
2026-07-15 19:24:00 [INFO] httpx: HTTP Request: GET http://localhost:8001/ "HTTP/1.1 200 OK"
2026-07-15 19:24:05 [INFO] httpx: HTTP Request: GET http://localhost:8001/ "HTTP/1.1 200 OK"
2026-07-15 19:24:05 [INFO] httpx: HTTP Request: GET http://localhost:8001/ "HTTP/1.1 200 OK"
2026-07-15 19:24:10 [INFO] httpx: HTTP Request: GET http://localhost:8001/ "HTTP/1.1 200 OK"
2026-07-15 19:24:10 [INFO] httpx: HTTP Request: GET http://localhost:8001/ "HTTP/1.1 200 OK"
2026-07-15 19:24:15 [INFO] httpx: HTTP Request: GET http://localhost:8001/ "HTTP/1.1 200 OK"
2026-07-15 19:24:20 [INFO] httpx: HTTP Request: GET http://localhost:8001/ "HTTP/1.1 200 OK"
2026-07-15 19:24:25 [INFO] httpx: HTTP Request: GET http://localhost:8001/ "HTTP/1.1 200 OK"
2026-07-15 19:24:30 [INFO] httpx: HTTP Request: GET http://localhost:8001/ "HTTP/1.1 200 OK"
2026-07-15 19:24:35 [INFO] httpx: HTTP Request: GET http://localhost:8001/ "HTTP/1.1 200 OK"
2026-07-15 19:24:40 [INFO] httpx: HTTP Request: GET http://localhost:8001/ "HTTP/1.1 200 OK"
2026-07-15 19:24:45 [INFO] httpx: HTTP Request: GET http://localhost:8001/ "HTTP/1.1 200 OK"
2026-07-15 19:24:50 [INFO] httpx: HTTP Request: GET http://localhost:8001/ "HTTP/1.1 200 OK"
2026-07-15 19:25:00 [INFO] owl-street-view: Initializing Owl Street View Trading Dashboard...
2026-07-15 19:25:00 [INFO] owl-street-view: Starting dashboard server at http://0.0.0.0:8080...
2026-07-15 19:25:00 [INFO] src.web: Serving frontend static build from: /Users/sandy/Documents/openowls/owls-street/owl-street-view/frontend/build
2026-07-15 19:25:00 [INFO] src.web: AlpacaService initialized in web app.
2026-07-15 19:25:00 [INFO] src.web: Loaded config from 'config/config.yaml' and initialized Alpaca Service.
2026-07-15 19:25:05 [INFO] httpx: HTTP Request: GET http://localhost:8001/ "HTTP/1.1 200 OK"
2026-07-15 19:25:10 [INFO] httpx: HTTP Request: GET http://localhost:8001/ "HTTP/1.1 200 OK"
2026-07-15 19:25:15 [INFO] httpx: HTTP Request: GET http://localhost:8001/ "HTTP/1.1 200 OK"
2026-07-15 19:25:20 [INFO] httpx: HTTP Request: GET http://localhost:8001/ "HTTP/1.1 200 OK"
2026-07-15 19:25:29 [INFO] httpx: HTTP Request: GET http://localhost:8001/ "HTTP/1.1 200 OK"
2026-07-15 19:25:41 [INFO] httpx: HTTP Request: GET http://localhost:8001/ "HTTP/1.1 200 OK"
2026-07-15 19:25:44 [INFO] httpx: HTTP Request: GET http://localhost:8001/ "HTTP/1.1 200 OK"
2026-07-15 19:25:46 [INFO] httpx: HTTP Request: GET http://localhost:8001/ "HTTP/1.1 200 OK"
2026-07-15 19:25:49 [INFO] httpx: HTTP Request: GET http://localhost:8001/ "HTTP/1.1 200 OK"
2026-07-15 19:25:51 [INFO] httpx: HTTP Request: GET http://localhost:8001/ "HTTP/1.1 200 OK"
2026-07-15 19:25:54 [INFO] httpx: HTTP Request: GET http://localhost:8001/ "HTTP/1.1 200 OK"
2026-07-15 19:25:56 [INFO] httpx: HTTP Request: GET http://localhost:8001/ "HTTP/1.1 200 OK"
2026-07-15 19:25:59 [INFO] httpx: HTTP Request: GET http://localhost:8001/ "HTTP/1.1 200 OK"
2026-07-15 19:26:01 [INFO] httpx: HTTP Request: GET http://localhost:8001/ "HTTP/1.1 200 OK"
2026-07-15 19:26:04 [INFO] httpx: HTTP Request: POST http://localhost:8001/api/chat "HTTP/1.1 200 OK"
2026-07-15 19:26:04 [INFO] httpx: HTTP Request: GET http://localhost:8001/ "HTTP/1.1 200 OK"
2026-07-15 19:26:06 [INFO] httpx: HTTP Request: GET http://localhost:8001/ "HTTP/1.1 200 OK"
2026-07-15 19:26:09 [INFO] httpx: HTTP Request: GET http://localhost:8001/ "HTTP/1.1 200 OK"
2026-07-15 19:26:11 [INFO] httpx: HTTP Request: GET http://localhost:8001/ "HTTP/1.1 200 OK"
2026-07-15 19:26:14 [INFO] httpx: HTTP Request: GET http://localhost:8001/ "HTTP/1.1 200 OK"
2026-07-15 19:26:16 [INFO] httpx: HTTP Request: GET http://localhost:8001/ "HTTP/1.1 200 OK"
2026-07-15 19:26:19 [INFO] httpx: HTTP Request: GET http://localhost:8001/ "HTTP/1.1 200 OK"
2026-07-15 19:26:21 [INFO] httpx: HTTP Request: GET http://localhost:8001/ "HTTP/1.1 200 OK"
2026-07-15 19:26:24 [INFO] httpx: HTTP Request: GET http://localhost:8001/ "HTTP/1.1 200 OK"
2026-07-15 19:26:26 [INFO] httpx: HTTP Request: GET http://localhost:8001/ "HTTP/1.1 200 OK"
2026-07-15 19:26:29 [INFO] httpx: HTTP Request: GET http://localhost:8001/ "HTTP/1.1 200 OK"
2026-07-15 19:26:31 [INFO] httpx: HTTP Request: GET http://localhost:8001/ "HTTP/1.1 200 OK"
2026-07-15 19:26:34 [INFO] httpx: HTTP Request: GET http://localhost:8001/ "HTTP/1.1 200 OK"
2026-07-15 19:26:36 [INFO] httpx: HTTP Request: GET http://localhost:8001/ "HTTP/1.1 200 OK"
2026-07-15 19:26:39 [INFO] httpx: HTTP Request: GET http://localhost:8001/ "HTTP/1.1 200 OK"
2026-07-15 19:26:41 [INFO] httpx: HTTP Request: GET http://localhost:8001/ "HTTP/1.1 200 OK"
2026-07-15 19:26:44 [INFO] httpx: HTTP Request: GET http://localhost:8001/ "HTTP/1.1 200 OK"
2026-07-15 19:26:46 [INFO] httpx: HTTP Request: GET http://localhost:8001/ "HTTP/1.1 200 OK"
2026-07-15 19:26:49 [INFO] httpx: HTTP Request: GET http://localhost:8001/ "HTTP/1.1 200 OK"
2026-07-15 19:26:51 [INFO] httpx: HTTP Request: GET http://localhost:8001/ "HTTP/1.1 200 OK"
2026-07-15 19:26:54 [INFO] httpx: HTTP Request: GET http://localhost:8001/ "HTTP/1.1 200 OK"
2026-07-15 19:26:56 [INFO] httpx: HTTP Request: GET http://localhost:8001/ "HTTP/1.1 200 OK"
2026-07-15 19:26:59 [INFO] httpx: HTTP Request: GET http://localhost:8001/ "HTTP/1.1 200 OK"
2026-07-15 19:27:01 [INFO] httpx: HTTP Request: GET http://localhost:8001/ "HTTP/1.1 200 OK"
2026-07-15 19:27:04 [INFO] httpx: HTTP Request: GET http://localhost:8001/ "HTTP/1.1 200 OK"
2026-07-15 19:27:06 [INFO] httpx: HTTP Request: GET http://localhost:8001/ "HTTP/1.1 200 OK"
2026-07-15 19:27:09 [INFO] httpx: HTTP Request: GET http://localhost:8001/ "HTTP/1.1 200 OK"
2026-07-15 19:27:11 [INFO] httpx: HTTP Request: GET http://localhost:8001/ "HTTP/1.1 200 OK"
2026-07-15 19:27:14 [INFO] httpx: HTTP Request: GET http://localhost:8001/ "HTTP/1.1 200 OK"
2026-07-15 19:27:16 [INFO] httpx: HTTP Request: GET http://localhost:8001/ "HTTP/1.1 200 OK"
2026-07-15 19:27:19 [INFO] httpx: HTTP Request: GET http://localhost:8001/ "HTTP/1.1 200 OK"
2026-07-15 19:27:21 [INFO] httpx: HTTP Request: GET http://localhost:8001/ "HTTP/1.1 200 OK"
2026-07-15 19:27:24 [INFO] httpx: HTTP Request: GET http://localhost:8001/ "HTTP/1.1 200 OK"
2026-07-15 19:27:26 [INFO] httpx: HTTP Request: GET http://localhost:8001/ "HTTP/1.1 200 OK"
2026-07-15 19:27:29 [INFO] httpx: HTTP Request: GET http://localhost:8001/ "HTTP/1.1 200 OK"
2026-07-15 19:27:31 [INFO] httpx: HTTP Request: GET http://localhost:8001/ "HTTP/1.1 200 OK"
2026-07-15 19:27:34 [INFO] httpx: HTTP Request: GET http://localhost:8001/ "HTTP/1.1 200 OK"
2026-07-15 19:27:39 [INFO] httpx: HTTP Request: GET http://localhost:8001/ "HTTP/1.1 200 OK"
2026-07-15 19:27:41 [INFO] httpx: HTTP Request: GET http://localhost:8001/ "HTTP/1.1 200 OK"
2026-07-15 19:27:44 [INFO] httpx: HTTP Request: GET http://localhost:8001/ "HTTP/1.1 200 OK"
2026-07-15 19:27:46 [INFO] httpx: HTTP Request: GET http://localhost:8001/ "HTTP/1.1 200 OK"
2026-07-15 19:27:48 [INFO] httpx: HTTP Request: GET http://localhost:8001/ "HTTP/1.1 200 OK"
2026-07-15 19:27:51 [INFO] httpx: HTTP Request: GET http://localhost:8001/ "HTTP/1.1 200 OK"
2026-07-15 19:27:56 [INFO] httpx: HTTP Request: GET http://localhost:8001/ "HTTP/1.1 200 OK"
2026-07-15 19:27:59 [INFO] httpx: HTTP Request: GET http://localhost:8001/ "HTTP/1.1 200 OK"
2026-07-15 19:28:01 [INFO] httpx: HTTP Request: GET http://localhost:8001/ "HTTP/1.1 200 OK"
2026-07-15 19:28:04 [INFO] httpx: HTTP Request: GET http://localhost:8001/ "HTTP/1.1 200 OK"
2026-07-15 19:28:06 [INFO] httpx: HTTP Request: GET http://localhost:8001/ "HTTP/1.1 200 OK"
2026-07-15 19:28:07 [INFO] httpx: HTTP Request: POST http://localhost:8001/api/chat "HTTP/1.1 200 OK"
2026-07-15 19:28:09 [INFO] httpx: HTTP Request: GET http://localhost:8001/ "HTTP/1.1 200 OK"
2026-07-15 19:28:11 [INFO] httpx: HTTP Request: GET http://localhost:8001/ "HTTP/1.1 200 OK"
2026-07-15 19:28:14 [INFO] httpx: HTTP Request: GET http://localhost:8001/ "HTTP/1.1 200 OK"
2026-07-15 19:28:16 [INFO] httpx: HTTP Request: GET http://localhost:8001/ "HTTP/1.1 200 OK"
2026-07-15 19:28:19 [INFO] httpx: HTTP Request: GET http://localhost:8001/ "HTTP/1.1 200 OK"
2026-07-15 19:28:21 [INFO] httpx: HTTP Request: GET http://localhost:8001/ "HTTP/1.1 200 OK"
2026-07-15 19:28:24 [INFO] httpx: HTTP Request: GET http://localhost:8001/ "HTTP/1.1 200 OK"
2026-07-15 19:28:26 [INFO] httpx: HTTP Request: GET http://localhost:8001/ "HTTP/1.1 200 OK"
2026-07-15 19:28:29 [INFO] httpx: HTTP Request: GET http://localhost:8001/ "HTTP/1.1 200 OK"
2026-07-15 19:28:31 [INFO] httpx: HTTP Request: GET http://localhost:8001/ "HTTP/1.1 200 OK"
2026-07-15 19:28:36 [INFO] httpx: HTTP Request: GET http://localhost:8001/ "HTTP/1.1 200 OK"
2026-07-15 19:28:39 [INFO] httpx: HTTP Request: GET http://localhost:8001/ "HTTP/1.1 200 OK"
2026-07-15 19:28:41 [INFO] httpx: HTTP Request: GET http://localhost:8001/ "HTTP/1.1 200 OK"
2026-07-15 19:28:44 [INFO] httpx: HTTP Request: GET http://localhost:8001/ "HTTP/1.1 200 OK"
2026-07-15 19:28:46 [INFO] httpx: HTTP Request: GET http://localhost:8001/ "HTTP/1.1 200 OK"
2026-07-15 19:28:49 [INFO] httpx: HTTP Request: GET http://localhost:8001/ "HTTP/1.1 200 OK"
2026-07-15 19:28:51 [INFO] httpx: HTTP Request: GET http://localhost:8001/ "HTTP/1.1 200 OK"
2026-07-15 19:28:54 [INFO] httpx: HTTP Request: GET http://localhost:8001/ "HTTP/1.1 200 OK"
2026-07-15 19:28:56 [INFO] httpx: HTTP Request: GET http://localhost:8001/ "HTTP/1.1 200 OK"
2026-07-15 19:28:59 [INFO] httpx: HTTP Request: GET http://localhost:8001/ "HTTP/1.1 200 OK"
2026-07-15 19:29:01 [INFO] httpx: HTTP Request: GET http://localhost:8001/ "HTTP/1.1 200 OK"
2026-07-15 19:29:04 [INFO] httpx: HTTP Request: GET http://localhost:8001/ "HTTP/1.1 200 OK"
2026-07-15 19:29:06 [INFO] httpx: HTTP Request: GET http://localhost:8001/ "HTTP/1.1 200 OK"
2026-07-15 19:29:36 [INFO] httpx: HTTP Request: POST http://localhost:8001/api/chat "HTTP/1.1 200 OK"
2026-07-15 19:29:36 [INFO] httpx: HTTP Request: GET http://localhost:8001/ "HTTP/1.1 200 OK"
2026-07-15 19:29:39 [INFO] httpx: HTTP Request: GET http://localhost:8001/ "HTTP/1.1 200 OK"
2026-07-15 19:29:41 [INFO] httpx: HTTP Request: GET http://localhost:8001/ "HTTP/1.1 200 OK"
2026-07-15 19:29:41 [INFO] httpx: HTTP Request: POST http://localhost:8001/api/chat "HTTP/1.1 200 OK"
2026-07-15 19:29:44 [INFO] httpx: HTTP Request: GET http://localhost:8001/ "HTTP/1.1 200 OK"
2026-07-15 19:29:46 [INFO] httpx: HTTP Request: GET http://localhost:8001/ "HTTP/1.1 200 OK"
2026-07-15 19:29:49 [INFO] httpx: HTTP Request: GET http://localhost:8001/ "HTTP/1.1 200 OK"
2026-07-15 19:29:51 [INFO] httpx: HTTP Request: GET http://localhost:8001/ "HTTP/1.1 200 OK"
2026-07-15 19:29:54 [INFO] httpx: HTTP Request: GET http://localhost:8001/ "HTTP/1.1 200 OK"
2026-07-15 19:29:56 [INFO] httpx: HTTP Request: GET http://localhost:8001/ "HTTP/1.1 200 OK"
2026-07-15 19:29:59 [INFO] httpx: HTTP Request: GET http://localhost:8001/ "HTTP/1.1 200 OK"
2026-07-15 19:30:01 [INFO] httpx: HTTP Request: GET http://localhost:8001/ "HTTP/1.1 200 OK"
2026-07-15 19:30:04 [INFO] httpx: HTTP Request: GET http://localhost:8001/ "HTTP/1.1 200 OK"
2026-07-15 19:30:06 [INFO] httpx: HTTP Request: GET http://localhost:8001/ "HTTP/1.1 200 OK"
2026-07-15 19:30:09 [INFO] httpx: HTTP Request: GET http://localhost:8001/ "HTTP/1.1 200 OK"
2026-07-15 19:30:11 [INFO] httpx: HTTP Request: GET http://localhost:8001/ "HTTP/1.1 200 OK"
2026-07-15 19:30:14 [INFO] httpx: HTTP Request: GET http://localhost:8001/ "HTTP/1.1 200 OK"
2026-07-15 19:30:16 [INFO] httpx: HTTP Request: GET http://localhost:8001/ "HTTP/1.1 200 OK"
2026-07-15 19:30:19 [INFO] httpx: HTTP Request: GET http://localhost:8001/ "HTTP/1.1 200 OK"
2026-07-15 19:30:21 [INFO] httpx: HTTP Request: GET http://localhost:8001/ "HTTP/1.1 200 OK"
2026-07-15 19:30:24 [INFO] httpx: HTTP Request: GET http://localhost:8001/ "HTTP/1.1 200 OK"
2026-07-15 19:30:26 [INFO] httpx: HTTP Request: GET http://localhost:8001/ "HTTP/1.1 200 OK"
2026-07-15 19:30:29 [INFO] httpx: HTTP Request: GET http://localhost:8001/ "HTTP/1.1 200 OK"
2026-07-15 19:30:31 [INFO] httpx: HTTP Request: GET http://localhost:8001/ "HTTP/1.1 200 OK"
2026-07-15 19:30:34 [INFO] httpx: HTTP Request: GET http://localhost:8001/ "HTTP/1.1 200 OK"
2026-07-15 19:30:36 [INFO] httpx: HTTP Request: GET http://localhost:8001/ "HTTP/1.1 200 OK"
2026-07-15 19:31:10 [INFO] httpx: HTTP Request: GET http://localhost:8001/ "HTTP/1.1 200 OK"
2026-07-15 19:31:11 [INFO] httpx: HTTP Request: GET http://localhost:8001/ "HTTP/1.1 200 OK"
2026-07-15 19:31:14 [INFO] httpx: HTTP Request: GET http://localhost:8001/ "HTTP/1.1 200 OK"
2026-07-15 19:31:16 [INFO] httpx: HTTP Request: POST http://localhost:8001/api/chat "HTTP/1.1 200 OK"
2026-07-15 19:31:16 [INFO] httpx: HTTP Request: GET http://localhost:8001/ "HTTP/1.1 200 OK"
2026-07-15 19:31:19 [INFO] httpx: HTTP Request: GET http://localhost:8001/ "HTTP/1.1 200 OK"
2026-07-15 19:31:21 [INFO] httpx: HTTP Request: GET http://localhost:8001/ "HTTP/1.1 200 OK"
2026-07-15 19:31:24 [INFO] httpx: HTTP Request: POST http://localhost:8001/api/chat "HTTP/1.1 200 OK"
2026-07-15 19:31:24 [INFO] httpx: HTTP Request: GET http://localhost:8001/ "HTTP/1.1 200 OK"
2026-07-15 19:31:26 [INFO] httpx: HTTP Request: GET http://localhost:8001/ "HTTP/1.1 200 OK"
2026-07-15 19:31:29 [INFO] httpx: HTTP Request: GET http://localhost:8001/ "HTTP/1.1 200 OK"
2026-07-15 19:31:31 [INFO] httpx: HTTP Request: GET http://localhost:8001/ "HTTP/1.1 200 OK"
2026-07-15 19:31:34 [INFO] httpx: HTTP Request: GET http://localhost:8001/ "HTTP/1.1 200 OK"
2026-07-15 19:31:36 [INFO] httpx: HTTP Request: GET http://localhost:8001/ "HTTP/1.1 200 OK"
2026-07-15 19:31:39 [INFO] httpx: HTTP Request: GET http://localhost:8001/ "HTTP/1.1 200 OK"
2026-07-15 19:31:41 [INFO] httpx: HTTP Request: GET http://localhost:8001/ "HTTP/1.1 200 OK"
2026-07-15 19:31:44 [INFO] httpx: HTTP Request: GET http://localhost:8001/ "HTTP/1.1 200 OK"
2026-07-15 19:31:46 [INFO] httpx: HTTP Request: GET http://localhost:8001/ "HTTP/1.1 200 OK"
2026-07-15 19:31:49 [INFO] httpx: HTTP Request: GET http://localhost:8001/ "HTTP/1.1 200 OK"
2026-07-15 19:31:51 [INFO] httpx: HTTP Request: GET http://localhost:8001/ "HTTP/1.1 200 OK"
2026-07-15 19:31:54 [INFO] httpx: HTTP Request: GET http://localhost:8001/ "HTTP/1.1 200 OK"
2026-07-15 19:31:56 [INFO] httpx: HTTP Request: GET http://localhost:8001/ "HTTP/1.1 200 OK"
2026-07-15 19:31:59 [INFO] httpx: HTTP Request: GET http://localhost:8001/ "HTTP/1.1 200 OK"
2026-07-15 19:32:01 [INFO] httpx: HTTP Request: GET http://localhost:8001/ "HTTP/1.1 200 OK"
2026-07-15 19:32:04 [INFO] httpx: HTTP Request: GET http://localhost:8001/ "HTTP/1.1 200 OK"
2026-07-15 19:32:06 [INFO] httpx: HTTP Request: GET http://localhost:8001/ "HTTP/1.1 200 OK"
2026-07-15 19:32:09 [INFO] httpx: HTTP Request: GET http://localhost:8001/ "HTTP/1.1 200 OK"
2026-07-15 19:32:11 [INFO] httpx: HTTP Request: GET http://localhost:8001/ "HTTP/1.1 200 OK"
2026-07-15 19:32:14 [INFO] httpx: HTTP Request: GET http://localhost:8001/ "HTTP/1.1 200 OK"
2026-07-15 19:32:16 [INFO] httpx: HTTP Request: GET http://localhost:8001/ "HTTP/1.1 200 OK"
2026-07-15 19:32:19 [INFO] httpx: HTTP Request: GET http://localhost:8001/ "HTTP/1.1 200 OK"
2026-07-15 19:32:21 [INFO] httpx: HTTP Request: GET http://localhost:8001/ "HTTP/1.1 200 OK"
2026-07-15 19:32:24 [INFO] httpx: HTTP Request: GET http://localhost:8001/ "HTTP/1.1 200 OK"
2026-07-15 19:32:26 [INFO] httpx: HTTP Request: GET http://localhost:8001/ "HTTP/1.1 200 OK"
2026-07-15 19:32:29 [INFO] httpx: HTTP Request: GET http://localhost:8001/ "HTTP/1.1 200 OK"
2026-07-15 19:32:31 [INFO] httpx: HTTP Request: GET http://localhost:8001/ "HTTP/1.1 200 OK"
2026-07-15 19:32:34 [INFO] httpx: HTTP Request: GET http://localhost:8001/ "HTTP/1.1 200 OK"
2026-07-15 19:32:36 [INFO] httpx: HTTP Request: GET http://localhost:8001/ "HTTP/1.1 200 OK"
2026-07-15 19:32:39 [INFO] httpx: HTTP Request: GET http://localhost:8001/ "HTTP/1.1 200 OK"
2026-07-15 19:32:41 [INFO] httpx: HTTP Request: GET http://localhost:8001/ "HTTP/1.1 200 OK"
2026-07-15 19:32:44 [INFO] httpx: HTTP Request: GET http://localhost:8001/ "HTTP/1.1 200 OK"
2026-07-15 19:32:46 [INFO] httpx: HTTP Request: GET http://localhost:8001/ "HTTP/1.1 200 OK"
2026-07-15 19:32:49 [INFO] httpx: HTTP Request: GET http://localhost:8001/ "HTTP/1.1 200 OK"
2026-07-15 19:32:51 [INFO] httpx: HTTP Request: GET http://localhost:8001/ "HTTP/1.1 200 OK"
2026-07-15 19:32:59 [INFO] httpx: HTTP Request: GET http://localhost:8001/ "HTTP/1.1 200 OK"
2026-07-15 19:33:01 [INFO] httpx: HTTP Request: GET http://localhost:8001/ "HTTP/1.1 200 OK"
2026-07-15 19:33:04 [INFO] httpx: HTTP Request: GET http://localhost:8001/ "HTTP/1.1 200 OK"
2026-07-15 19:33:06 [INFO] httpx: HTTP Request: GET http://localhost:8001/ "HTTP/1.1 200 OK"
2026-07-15 19:33:09 [INFO] httpx: HTTP Request: GET http://localhost:8001/ "HTTP/1.1 200 OK"
2026-07-15 19:33:11 [INFO] httpx: HTTP Request: GET http://localhost:8001/ "HTTP/1.1 200 OK"
2026-07-15 19:33:14 [INFO] httpx: HTTP Request: GET http://localhost:8001/ "HTTP/1.1 200 OK"
2026-07-15 19:33:16 [INFO] httpx: HTTP Request: GET http://localhost:8001/ "HTTP/1.1 200 OK"
2026-07-15 19:33:19 [INFO] httpx: HTTP Request: GET http://localhost:8001/ "HTTP/1.1 200 OK"
2026-07-15 19:33:21 [INFO] httpx: HTTP Request: GET http://localhost:8001/ "HTTP/1.1 200 OK"
2026-07-15 19:33:23 [INFO] httpx: HTTP Request: POST http://localhost:8001/api/chat "HTTP/1.1 200 OK"
2026-07-15 19:33:24 [INFO] httpx: HTTP Request: GET http://localhost:8001/ "HTTP/1.1 200 OK"
2026-07-15 19:33:26 [INFO] httpx: HTTP Request: GET http://localhost:8001/ "HTTP/1.1 200 OK"
2026-07-15 19:33:29 [INFO] httpx: HTTP Request: GET http://localhost:8001/ "HTTP/1.1 200 OK"
2026-07-15 19:33:31 [INFO] httpx: HTTP Request: GET http://localhost:8001/ "HTTP/1.1 200 OK"
2026-07-15 19:33:34 [INFO] httpx: HTTP Request: GET http://localhost:8001/ "HTTP/1.1 200 OK"
2026-07-15 19:33:36 [INFO] httpx: HTTP Request: GET http://localhost:8001/ "HTTP/1.1 200 OK"
2026-07-15 19:33:39 [INFO] httpx: HTTP Request: GET http://localhost:8001/ "HTTP/1.1 200 OK"
2026-07-15 19:33:41 [INFO] httpx: HTTP Request: GET http://localhost:8001/ "HTTP/1.1 200 OK"
2026-07-15 19:33:41 [INFO] httpx: HTTP Request: POST http://localhost:8001/api/chat "HTTP/1.1 200 OK"
2026-07-15 19:33:44 [INFO] httpx: HTTP Request: GET http://localhost:8001/ "HTTP/1.1 200 OK"
2026-07-15 19:33:46 [INFO] httpx: HTTP Request: GET http://localhost:8001/ "HTTP/1.1 200 OK"
2026-07-15 19:33:49 [INFO] httpx: HTTP Request: GET http://localhost:8001/ "HTTP/1.1 200 OK"
2026-07-15 19:33:51 [INFO] httpx: HTTP Request: GET http://localhost:8001/ "HTTP/1.1 200 OK"
2026-07-15 19:33:54 [INFO] httpx: HTTP Request: GET http://localhost:8001/ "HTTP/1.1 200 OK"
2026-07-15 19:33:56 [INFO] httpx: HTTP Request: GET http://localhost:8001/ "HTTP/1.1 200 OK"
2026-07-15 19:33:59 [INFO] httpx: HTTP Request: GET http://localhost:8001/ "HTTP/1.1 200 OK"
2026-07-15 19:34:01 [INFO] httpx: HTTP Request: GET http://localhost:8001/ "HTTP/1.1 200 OK"
2026-07-15 19:34:04 [INFO] httpx: HTTP Request: GET http://localhost:8001/ "HTTP/1.1 200 OK"
2026-07-15 19:34:06 [INFO] httpx: HTTP Request: GET http://localhost:8001/ "HTTP/1.1 200 OK"
2026-07-15 19:34:09 [INFO] httpx: HTTP Request: GET http://localhost:8001/ "HTTP/1.1 200 OK"
2026-07-15 19:34:11 [INFO] httpx: HTTP Request: GET http://localhost:8001/ "HTTP/1.1 200 OK"
2026-07-15 19:34:14 [INFO] httpx: HTTP Request: GET http://localhost:8001/ "HTTP/1.1 200 OK"
2026-07-15 19:34:16 [INFO] httpx: HTTP Request: GET http://localhost:8001/ "HTTP/1.1 200 OK"
2026-07-15 19:34:19 [INFO] httpx: HTTP Request: GET http://localhost:8001/ "HTTP/1.1 200 OK"
2026-07-15 19:34:21 [INFO] httpx: HTTP Request: GET http://localhost:8001/ "HTTP/1.1 200 OK"
2026-07-15 19:34:24 [INFO] httpx: HTTP Request: GET http://localhost:8001/ "HTTP/1.1 200 OK"
2026-07-15 19:34:26 [INFO] httpx: HTTP Request: GET http://localhost:8001/ "HTTP/1.1 200 OK"
2026-07-15 19:34:29 [INFO] httpx: HTTP Request: GET http://localhost:8001/ "HTTP/1.1 200 OK"
2026-07-15 19:34:31 [INFO] httpx: HTTP Request: GET http://localhost:8001/ "HTTP/1.1 200 OK"
2026-07-15 19:34:34 [INFO] httpx: HTTP Request: GET http://localhost:8001/ "HTTP/1.1 200 OK"
2026-07-15 19:34:36 [INFO] httpx: HTTP Request: GET http://localhost:8001/ "HTTP/1.1 200 OK"
2026-07-15 19:34:39 [INFO] httpx: HTTP Request: GET http://localhost:8001/ "HTTP/1.1 200 OK"
2026-07-15 19:34:41 [INFO] httpx: HTTP Request: GET http://localhost:8001/ "HTTP/1.1 200 OK"
2026-07-15 19:34:44 [INFO] httpx: HTTP Request: GET http://localhost:8001/ "HTTP/1.1 200 OK"
2026-07-15 19:34:46 [INFO] httpx: HTTP Request: GET http://localhost:8001/ "HTTP/1.1 200 OK"
2026-07-15 19:34:49 [INFO] httpx: HTTP Request: GET http://localhost:8001/ "HTTP/1.1 200 OK"
2026-07-15 19:34:51 [INFO] httpx: HTTP Request: GET http://localhost:8001/ "HTTP/1.1 200 OK"
2026-07-15 19:34:54 [INFO] httpx: HTTP Request: GET http://localhost:8001/ "HTTP/1.1 200 OK"
2026-07-15 19:34:56 [INFO] httpx: HTTP Request: GET http://localhost:8001/ "HTTP/1.1 200 OK"
2026-07-15 19:34:59 [INFO] httpx: HTTP Request: GET http://localhost:8001/ "HTTP/1.1 200 OK"
2026-07-15 19:35:01 [INFO] httpx: HTTP Request: GET http://localhost:8001/ "HTTP/1.1 200 OK"
2026-07-15 19:35:04 [INFO] httpx: HTTP Request: GET http://localhost:8001/ "HTTP/1.1 200 OK"
2026-07-15 19:35:06 [INFO] httpx: HTTP Request: GET http://localhost:8001/ "HTTP/1.1 200 OK"
2026-07-15 19:35:09 [INFO] httpx: HTTP Request: GET http://localhost:8001/ "HTTP/1.1 200 OK"
2026-07-15 19:35:11 [INFO] httpx: HTTP Request: GET http://localhost:8001/ "HTTP/1.1 200 OK"
2026-07-15 19:35:13 [INFO] httpx: HTTP Request: POST http://localhost:8001/api/chat "HTTP/1.1 200 OK"
2026-07-15 19:35:14 [INFO] httpx: HTTP Request: GET http://localhost:8001/ "HTTP/1.1 200 OK"
2026-07-15 19:35:16 [INFO] httpx: HTTP Request: GET http://localhost:8001/ "HTTP/1.1 200 OK"
2026-07-15 19:35:19 [INFO] httpx: HTTP Request: GET http://localhost:8001/ "HTTP/1.1 200 OK"
2026-07-15 19:35:21 [INFO] httpx: HTTP Request: GET http://localhost:8001/ "HTTP/1.1 200 OK"
2026-07-15 19:35:24 [INFO] httpx: HTTP Request: POST http://localhost:8001/api/chat "HTTP/1.1 200 OK"
2026-07-15 19:35:24 [INFO] httpx: HTTP Request: GET http://localhost:8001/ "HTTP/1.1 200 OK"
2026-07-15 19:35:26 [INFO] httpx: HTTP Request: GET http://localhost:8001/ "HTTP/1.1 200 OK"
2026-07-15 19:35:29 [INFO] httpx: HTTP Request: GET http://localhost:8001/ "HTTP/1.1 200 OK"
2026-07-15 19:35:31 [INFO] httpx: HTTP Request: GET http://localhost:8001/ "HTTP/1.1 200 OK"
2026-07-15 19:35:34 [INFO] httpx: HTTP Request: GET http://localhost:8001/ "HTTP/1.1 200 OK"
2026-07-15 19:35:36 [INFO] httpx: HTTP Request: GET http://localhost:8001/ "HTTP/1.1 200 OK"
2026-07-15 19:35:39 [INFO] httpx: HTTP Request: GET http://localhost:8001/ "HTTP/1.1 200 OK"
2026-07-15 19:35:41 [INFO] httpx: HTTP Request: GET http://localhost:8001/ "HTTP/1.1 200 OK"
2026-07-15 19:35:44 [INFO] httpx: HTTP Request: GET http://localhost:8001/ "HTTP/1.1 200 OK"
2026-07-15 19:35:46 [INFO] httpx: HTTP Request: GET http://localhost:8001/ "HTTP/1.1 200 OK"
2026-07-15 19:35:49 [INFO] httpx: HTTP Request: GET http://localhost:8001/ "HTTP/1.1 200 OK"
2026-07-15 19:35:51 [INFO] httpx: HTTP Request: GET http://localhost:8001/ "HTTP/1.1 200 OK"
2026-07-15 19:35:54 [INFO] httpx: HTTP Request: POST http://localhost:8001/api/chat "HTTP/1.1 200 OK"
2026-07-15 19:35:54 [INFO] httpx: HTTP Request: GET http://localhost:8001/ "HTTP/1.1 200 OK"
2026-07-15 19:35:56 [INFO] httpx: HTTP Request: GET http://localhost:8001/ "HTTP/1.1 200 OK"
2026-07-15 19:35:59 [INFO] httpx: HTTP Request: GET http://localhost:8001/ "HTTP/1.1 200 OK"
2026-07-15 19:36:01 [INFO] httpx: HTTP Request: GET http://localhost:8001/ "HTTP/1.1 200 OK"
2026-07-15 19:36:04 [INFO] httpx: HTTP Request: GET http://localhost:8001/ "HTTP/1.1 200 OK"
2026-07-15 19:36:06 [INFO] httpx: HTTP Request: GET http://localhost:8001/ "HTTP/1.1 200 OK"
2026-07-15 19:36:09 [INFO] httpx: HTTP Request: GET http://localhost:8001/ "HTTP/1.1 200 OK"
2026-07-15 19:36:11 [INFO] httpx: HTTP Request: GET http://localhost:8001/ "HTTP/1.1 200 OK"
2026-07-15 19:36:14 [INFO] httpx: HTTP Request: GET http://localhost:8001/ "HTTP/1.1 200 OK"
2026-07-15 19:36:16 [INFO] httpx: HTTP Request: GET http://localhost:8001/ "HTTP/1.1 200 OK"
2026-07-15 19:36:19 [INFO] httpx: HTTP Request: GET http://localhost:8001/ "HTTP/1.1 200 OK"
2026-07-15 19:36:21 [INFO] httpx: HTTP Request: GET http://localhost:8001/ "HTTP/1.1 200 OK"
2026-07-15 19:36:24 [INFO] httpx: HTTP Request: GET http://localhost:8001/ "HTTP/1.1 200 OK"
2026-07-15 19:36:26 [INFO] httpx: HTTP Request: GET http://localhost:8001/ "HTTP/1.1 200 OK"
2026-07-15 19:36:29 [INFO] httpx: HTTP Request: GET http://localhost:8001/ "HTTP/1.1 200 OK"
2026-07-15 19:36:31 [INFO] httpx: HTTP Request: GET http://localhost:8001/ "HTTP/1.1 200 OK"
2026-07-15 19:36:34 [INFO] httpx: HTTP Request: GET http://localhost:8001/ "HTTP/1.1 200 OK"
2026-07-15 19:36:36 [INFO] httpx: HTTP Request: GET http://localhost:8001/ "HTTP/1.1 200 OK"
2026-07-15 19:36:39 [INFO] httpx: HTTP Request: GET http://localhost:8001/ "HTTP/1.1 200 OK"
2026-07-15 19:36:41 [INFO] httpx: HTTP Request: GET http://localhost:8001/ "HTTP/1.1 200 OK"
2026-07-15 19:36:44 [INFO] httpx: HTTP Request: GET http://localhost:8001/ "HTTP/1.1 200 OK"
2026-07-15 19:36:46 [INFO] httpx: HTTP Request: GET http://localhost:8001/ "HTTP/1.1 200 OK"
2026-07-15 19:36:49 [INFO] httpx: HTTP Request: GET http://localhost:8001/ "HTTP/1.1 200 OK"
2026-07-15 19:36:51 [INFO] httpx: HTTP Request: GET http://localhost:8001/ "HTTP/1.1 200 OK"
2026-07-15 19:36:54 [INFO] httpx: HTTP Request: GET http://localhost:8001/ "HTTP/1.1 200 OK"
2026-07-15 19:36:56 [INFO] httpx: HTTP Request: GET http://localhost:8001/ "HTTP/1.1 200 OK"
2026-07-15 19:36:59 [INFO] httpx: HTTP Request: GET http://localhost:8001/ "HTTP/1.1 200 OK"
2026-07-15 19:37:01 [INFO] httpx: HTTP Request: GET http://localhost:8001/ "HTTP/1.1 200 OK"
2026-07-15 19:37:04 [INFO] httpx: HTTP Request: GET http://localhost:8001/ "HTTP/1.1 200 OK"
2026-07-15 19:37:06 [INFO] httpx: HTTP Request: GET http://localhost:8001/ "HTTP/1.1 200 OK"
2026-07-15 19:37:09 [INFO] httpx: HTTP Request: GET http://localhost:8001/ "HTTP/1.1 200 OK"
2026-07-15 19:37:11 [INFO] httpx: HTTP Request: GET http://localhost:8001/ "HTTP/1.1 200 OK"
2026-07-15 19:37:14 [INFO] httpx: HTTP Request: GET http://localhost:8001/ "HTTP/1.1 200 OK"
2026-07-15 19:37:16 [INFO] httpx: HTTP Request: GET http://localhost:8001/ "HTTP/1.1 200 OK"
2026-07-15 19:37:19 [INFO] httpx: HTTP Request: GET http://localhost:8001/ "HTTP/1.1 200 OK"
2026-07-15 19:37:21 [INFO] httpx: HTTP Request: GET http://localhost:8001/ "HTTP/1.1 200 OK"
2026-07-15 19:37:24 [INFO] httpx: HTTP Request: GET http://localhost:8001/ "HTTP/1.1 200 OK"
2026-07-15 19:37:26 [INFO] httpx: HTTP Request: GET http://localhost:8001/ "HTTP/1.1 200 OK"
2026-07-15 19:37:29 [INFO] httpx: HTTP Request: GET http://localhost:8001/ "HTTP/1.1 200 OK"
2026-07-15 19:37:31 [INFO] httpx: HTTP Request: GET http://localhost:8001/ "HTTP/1.1 200 OK"
2026-07-15 19:37:34 [INFO] httpx: HTTP Request: GET http://localhost:8001/ "HTTP/1.1 200 OK"
2026-07-15 19:37:36 [INFO] httpx: HTTP Request: GET http://localhost:8001/ "HTTP/1.1 200 OK"
2026-07-15 19:37:39 [INFO] httpx: HTTP Request: GET http://localhost:8001/ "HTTP/1.1 200 OK"
2026-07-15 19:37:41 [INFO] httpx: HTTP Request: GET http://localhost:8001/ "HTTP/1.1 200 OK"
2026-07-15 19:37:44 [INFO] httpx: HTTP Request: GET http://localhost:8001/ "HTTP/1.1 200 OK"
2026-07-15 19:37:46 [INFO] httpx: HTTP Request: GET http://localhost:8001/ "HTTP/1.1 200 OK"
2026-07-15 19:37:49 [INFO] httpx: HTTP Request: GET http://localhost:8001/ "HTTP/1.1 200 OK"
2026-07-15 19:37:51 [INFO] httpx: HTTP Request: GET http://localhost:8001/ "HTTP/1.1 200 OK"
2026-07-15 19:37:52 [INFO] httpx: HTTP Request: POST http://localhost:8001/api/chat "HTTP/1.1 200 OK"
2026-07-15 19:37:54 [INFO] httpx: HTTP Request: GET http://localhost:8001/ "HTTP/1.1 200 OK"
2026-07-15 19:37:56 [INFO] httpx: HTTP Request: GET http://localhost:8001/ "HTTP/1.1 200 OK"
2026-07-15 19:37:59 [INFO] httpx: HTTP Request: GET http://localhost:8001/ "HTTP/1.1 200 OK"
2026-07-15 19:38:01 [INFO] httpx: HTTP Request: GET http://localhost:8001/ "HTTP/1.1 200 OK"
2026-07-15 19:38:04 [INFO] httpx: HTTP Request: GET http://localhost:8001/ "HTTP/1.1 200 OK"
2026-07-15 19:38:06 [INFO] httpx: HTTP Request: GET http://localhost:8001/ "HTTP/1.1 200 OK"
2026-07-15 19:38:09 [INFO] httpx: HTTP Request: GET http://localhost:8001/ "HTTP/1.1 200 OK"
2026-07-15 19:38:11 [INFO] httpx: HTTP Request: GET http://localhost:8001/ "HTTP/1.1 200 OK"
2026-07-15 19:38:14 [INFO] httpx: HTTP Request: GET http://localhost:8001/ "HTTP/1.1 200 OK"
2026-07-15 19:38:16 [INFO] httpx: HTTP Request: GET http://localhost:8001/ "HTTP/1.1 200 OK"
2026-07-15 19:38:28 [INFO] owl-street-view: Initializing Owl Street View Trading Dashboard...
2026-07-15 19:38:28 [INFO] owl-street-view: Starting dashboard server at http://0.0.0.0:8080...
2026-07-15 19:38:28 [INFO] src.web: Serving frontend static build from: /Users/sandy/Documents/openowls/owls-street/owl-street-view/frontend/build
2026-07-15 19:38:28 [INFO] src.web: AlpacaService initialized in web app.
2026-07-15 19:38:28 [INFO] src.web: Loaded config from 'config/config.yaml' and initialized Alpaca Service.
2026-07-15 19:38:29 [INFO] httpx: HTTP Request: GET http://localhost:8001/ "HTTP/1.1 200 OK"
2026-07-15 19:38:31 [INFO] httpx: HTTP Request: GET http://localhost:8001/ "HTTP/1.1 200 OK"
2026-07-15 19:38:34 [INFO] httpx: HTTP Request: GET http://localhost:8001/ "HTTP/1.1 200 OK"
2026-07-15 19:38:36 [INFO] httpx: HTTP Request: GET http://localhost:8001/ "HTTP/1.1 200 OK"
2026-07-15 19:38:39 [INFO] httpx: HTTP Request: GET http://localhost:8001/ "HTTP/1.1 200 OK"
2026-07-15 19:38:41 [INFO] httpx: HTTP Request: GET http://localhost:8001/ "HTTP/1.1 200 OK"
2026-07-15 19:38:44 [INFO] httpx: HTTP Request: GET http://localhost:8001/ "HTTP/1.1 200 OK"
2026-07-15 19:38:46 [INFO] httpx: HTTP Request: GET http://localhost:8001/ "HTTP/1.1 200 OK"
2026-07-15 19:38:49 [INFO] httpx: HTTP Request: GET http://localhost:8001/ "HTTP/1.1 200 OK"
2026-07-15 19:38:54 [INFO] httpx: HTTP Request: GET http://localhost:8001/ "HTTP/1.1 200 OK"
2026-07-15 19:38:59 [INFO] httpx: HTTP Request: GET http://localhost:8001/ "HTTP/1.1 200 OK"
2026-07-15 19:39:04 [INFO] httpx: HTTP Request: GET http://localhost:8001/ "HTTP/1.1 200 OK"
2026-07-15 19:39:09 [INFO] httpx: HTTP Request: GET http://localhost:8001/ "HTTP/1.1 200 OK"
2026-07-15 19:39:14 [INFO] httpx: HTTP Request: GET http://localhost:8001/ "HTTP/1.1 200 OK"
2026-07-15 19:39:15 [INFO] httpx: HTTP Request: GET http://localhost:8001/ "HTTP/1.1 200 OK"
2026-07-15 19:39:18 [INFO] httpx: HTTP Request: GET http://localhost:8001/ "HTTP/1.1 200 OK"
2026-07-15 19:39:23 [INFO] httpx: HTTP Request: GET http://localhost:8001/ "HTTP/1.1 200 OK"
2026-07-15 19:39:28 [INFO] httpx: HTTP Request: GET http://localhost:8001/ "HTTP/1.1 200 OK"
2026-07-15 19:39:33 [INFO] httpx: HTTP Request: GET http://localhost:8001/ "HTTP/1.1 200 OK"
2026-07-15 19:39:38 [INFO] httpx: HTTP Request: GET http://localhost:8001/ "HTTP/1.1 200 OK"
2026-07-15 19:39:43 [INFO] httpx: HTTP Request: GET http://localhost:8001/ "HTTP/1.1 200 OK"
2026-07-15 19:39:48 [INFO] httpx: HTTP Request: GET http://localhost:8001/ "HTTP/1.1 200 OK"
2026-07-15 19:39:53 [INFO] httpx: HTTP Request: GET http://localhost:8001/ "HTTP/1.1 200 OK"
2026-07-15 19:39:58 [INFO] httpx: HTTP Request: GET http://localhost:8001/ "HTTP/1.1 200 OK"
2026-07-15 19:40:03 [INFO] httpx: HTTP Request: GET http://localhost:8001/ "HTTP/1.1 200 OK"
2026-07-15 19:40:04 [INFO] httpx: HTTP Request: POST http://localhost:8001/api/chat "HTTP/1.1 200 OK"
2026-07-15 19:40:08 [INFO] httpx: HTTP Request: GET http://localhost:8001/ "HTTP/1.1 200 OK"
2026-07-15 19:40:13 [INFO] httpx: HTTP Request: GET http://localhost:8001/ "HTTP/1.1 200 OK"
2026-07-15 19:40:18 [INFO] httpx: HTTP Request: GET http://localhost:8001/ "HTTP/1.1 200 OK"
2026-07-15 19:40:23 [INFO] httpx: HTTP Request: GET http://localhost:8001/ "HTTP/1.1 200 OK"
2026-07-15 19:40:28 [INFO] httpx: HTTP Request: GET http://localhost:8001/ "HTTP/1.1 200 OK"
2026-07-15 19:40:33 [INFO] httpx: HTTP Request: GET http://localhost:8001/ "HTTP/1.1 200 OK"
2026-07-15 19:40:38 [INFO] httpx: HTTP Request: GET http://localhost:8001/ "HTTP/1.1 200 OK"
2026-07-15 19:40:43 [INFO] httpx: HTTP Request: GET http://localhost:8001/ "HTTP/1.1 200 OK"
2026-07-15 19:40:48 [INFO] httpx: HTTP Request: GET http://localhost:8001/ "HTTP/1.1 200 OK"
2026-07-15 19:40:53 [INFO] httpx: HTTP Request: GET http://localhost:8001/ "HTTP/1.1 200 OK"
2026-07-15 19:40:58 [INFO] httpx: HTTP Request: GET http://localhost:8001/ "HTTP/1.1 200 OK"
2026-07-15 19:41:03 [INFO] httpx: HTTP Request: GET http://localhost:8001/ "HTTP/1.1 200 OK"
2026-07-15 19:41:08 [INFO] httpx: HTTP Request: GET http://localhost:8001/ "HTTP/1.1 200 OK"
2026-07-15 19:41:13 [INFO] httpx: HTTP Request: GET http://localhost:8001/ "HTTP/1.1 200 OK"
2026-07-15 19:41:18 [INFO] httpx: HTTP Request: GET http://localhost:8001/ "HTTP/1.1 200 OK"
2026-07-15 19:41:23 [INFO] httpx: HTTP Request: GET http://localhost:8001/ "HTTP/1.1 200 OK"
2026-07-15 19:41:28 [INFO] httpx: HTTP Request: GET http://localhost:8001/ "HTTP/1.1 200 OK"
2026-07-15 19:41:33 [INFO] httpx: HTTP Request: GET http://localhost:8001/ "HTTP/1.1 200 OK"
2026-07-15 19:41:38 [INFO] httpx: HTTP Request: GET http://localhost:8001/ "HTTP/1.1 200 OK"
2026-07-15 19:41:43 [INFO] httpx: HTTP Request: GET http://localhost:8001/ "HTTP/1.1 200 OK"
2026-07-15 19:41:48 [INFO] httpx: HTTP Request: GET http://localhost:8001/ "HTTP/1.1 200 OK"
2026-07-15 19:41:49 [INFO] httpx: HTTP Request: POST http://localhost:8001/api/chat "HTTP/1.1 200 OK"
2026-07-15 19:41:53 [INFO] httpx: HTTP Request: GET http://localhost:8001/ "HTTP/1.1 200 OK"
2026-07-15 19:41:58 [INFO] httpx: HTTP Request: GET http://localhost:8001/ "HTTP/1.1 200 OK"
2026-07-15 19:42:03 [INFO] httpx: HTTP Request: GET http://localhost:8001/ "HTTP/1.1 200 OK"
2026-07-15 19:42:08 [INFO] httpx: HTTP Request: GET http://localhost:8001/ "HTTP/1.1 200 OK"
2026-07-15 19:42:13 [INFO] httpx: HTTP Request: GET http://localhost:8001/ "HTTP/1.1 200 OK"
2026-07-15 19:42:18 [INFO] httpx: HTTP Request: GET http://localhost:8001/ "HTTP/1.1 200 OK"
2026-07-15 19:42:23 [INFO] httpx: HTTP Request: GET http://localhost:8001/ "HTTP/1.1 200 OK"
2026-07-15 19:42:28 [INFO] httpx: HTTP Request: GET http://localhost:8001/ "HTTP/1.1 200 OK"
2026-07-15 19:42:33 [INFO] httpx: HTTP Request: GET http://localhost:8001/ "HTTP/1.1 200 OK"
2026-07-15 19:42:38 [INFO] httpx: HTTP Request: GET http://localhost:8001/ "HTTP/1.1 200 OK"
2026-07-15 19:42:43 [INFO] httpx: HTTP Request: GET http://localhost:8001/ "HTTP/1.1 200 OK"
2026-07-15 19:42:48 [INFO] httpx: HTTP Request: GET http://localhost:8001/ "HTTP/1.1 200 OK"
2026-07-15 19:42:53 [INFO] httpx: HTTP Request: GET http://localhost:8001/ "HTTP/1.1 200 OK"
2026-07-15 19:42:58 [INFO] httpx: HTTP Request: GET http://localhost:8001/ "HTTP/1.1 200 OK"
2026-07-15 19:43:03 [INFO] httpx: HTTP Request: GET http://localhost:8001/ "HTTP/1.1 200 OK"
2026-07-15 19:43:08 [INFO] httpx: HTTP Request: GET http://localhost:8001/ "HTTP/1.1 200 OK"
2026-07-15 19:43:13 [INFO] httpx: HTTP Request: GET http://localhost:8001/ "HTTP/1.1 200 OK"
2026-07-15 19:43:18 [INFO] httpx: HTTP Request: GET http://localhost:8001/ "HTTP/1.1 200 OK"
2026-07-15 19:43:23 [INFO] httpx: HTTP Request: GET http://localhost:8001/ "HTTP/1.1 200 OK"
2026-07-15 19:43:28 [INFO] httpx: HTTP Request: GET http://localhost:8001/ "HTTP/1.1 200 OK"
2026-07-15 19:43:33 [INFO] httpx: HTTP Request: GET http://localhost:8001/ "HTTP/1.1 200 OK"
2026-07-15 19:43:38 [INFO] httpx: HTTP Request: GET http://localhost:8001/ "HTTP/1.1 200 OK"
2026-07-15 19:43:43 [INFO] httpx: HTTP Request: GET http://localhost:8001/ "HTTP/1.1 200 OK"
2026-07-15 19:43:48 [INFO] httpx: HTTP Request: GET http://localhost:8001/ "HTTP/1.1 200 OK"
2026-07-15 19:43:51 [INFO] httpx: HTTP Request: POST http://localhost:8001/api/chat "HTTP/1.1 200 OK"
2026-07-15 19:43:53 [INFO] httpx: HTTP Request: GET http://localhost:8001/ "HTTP/1.1 200 OK"
2026-07-15 19:43:58 [INFO] httpx: HTTP Request: GET http://localhost:8001/ "HTTP/1.1 200 OK"
2026-07-15 19:44:03 [INFO] httpx: HTTP Request: GET http://localhost:8001/ "HTTP/1.1 200 OK"
2026-07-15 19:44:08 [INFO] httpx: HTTP Request: GET http://localhost:8001/ "HTTP/1.1 200 OK"
2026-07-15 19:44:13 [INFO] httpx: HTTP Request: GET http://localhost:8001/ "HTTP/1.1 200 OK"
2026-07-15 19:44:18 [INFO] httpx: HTTP Request: GET http://localhost:8001/ "HTTP/1.1 200 OK"
2026-07-15 19:44:23 [INFO] httpx: HTTP Request: GET http://localhost:8001/ "HTTP/1.1 200 OK"
2026-07-15 19:44:28 [INFO] httpx: HTTP Request: GET http://localhost:8001/ "HTTP/1.1 200 OK"
2026-07-15 19:44:33 [INFO] httpx: HTTP Request: GET http://localhost:8001/ "HTTP/1.1 200 OK"
2026-07-15 19:44:38 [INFO] httpx: HTTP Request: GET http://localhost:8001/ "HTTP/1.1 200 OK"
2026-07-15 19:44:43 [INFO] httpx: HTTP Request: GET http://localhost:8001/ "HTTP/1.1 200 OK"
2026-07-15 19:44:48 [INFO] httpx: HTTP Request: GET http://localhost:8001/ "HTTP/1.1 200 OK"
2026-07-15 19:44:53 [INFO] httpx: HTTP Request: GET http://localhost:8001/ "HTTP/1.1 200 OK"
2026-07-15 19:44:58 [INFO] httpx: HTTP Request: GET http://localhost:8001/ "HTTP/1.1 200 OK"
2026-07-15 19:45:03 [INFO] httpx: HTTP Request: GET http://localhost:8001/ "HTTP/1.1 200 OK"
2026-07-15 19:45:08 [INFO] httpx: HTTP Request: GET http://localhost:8001/ "HTTP/1.1 200 OK"
2026-07-15 19:45:13 [INFO] httpx: HTTP Request: GET http://localhost:8001/ "HTTP/1.1 200 OK"
2026-07-15 19:45:18 [INFO] httpx: HTTP Request: GET http://localhost:8001/ "HTTP/1.1 200 OK"
2026-07-15 19:45:23 [INFO] httpx: HTTP Request: GET http://localhost:8001/ "HTTP/1.1 200 OK"
2026-07-15 19:45:28 [INFO] httpx: HTTP Request: GET http://localhost:8001/ "HTTP/1.1 200 OK"
2026-07-15 19:45:33 [INFO] httpx: HTTP Request: GET http://localhost:8001/ "HTTP/1.1 200 OK"
2026-07-15 19:45:38 [INFO] httpx: HTTP Request: GET http://localhost:8001/ "HTTP/1.1 200 OK"
2026-07-15 19:45:43 [INFO] httpx: HTTP Request: GET http://localhost:8001/ "HTTP/1.1 200 OK"
2026-07-15 19:45:48 [INFO] httpx: HTTP Request: GET http://localhost:8001/ "HTTP/1.1 200 OK"
2026-07-15 19:45:53 [INFO] httpx: HTTP Request: GET http://localhost:8001/ "HTTP/1.1 200 OK"
2026-07-15 19:45:58 [INFO] httpx: HTTP Request: GET http://localhost:8001/ "HTTP/1.1 200 OK"
2026-07-15 19:46:03 [INFO] httpx: HTTP Request: GET http://localhost:8001/ "HTTP/1.1 200 OK"
2026-07-15 19:46:08 [INFO] httpx: HTTP Request: GET http://localhost:8001/ "HTTP/1.1 200 OK"
2026-07-15 19:46:13 [INFO] httpx: HTTP Request: GET http://localhost:8001/ "HTTP/1.1 200 OK"
2026-07-15 19:46:18 [INFO] httpx: HTTP Request: GET http://localhost:8001/ "HTTP/1.1 200 OK"
2026-07-15 19:46:23 [INFO] httpx: HTTP Request: GET http://localhost:8001/ "HTTP/1.1 200 OK"
2026-07-15 19:46:28 [INFO] httpx: HTTP Request: GET http://localhost:8001/ "HTTP/1.1 200 OK"
2026-07-15 19:46:33 [INFO] httpx: HTTP Request: GET http://localhost:8001/ "HTTP/1.1 200 OK"
2026-07-15 19:46:38 [INFO] httpx: HTTP Request: GET http://localhost:8001/ "HTTP/1.1 200 OK"
2026-07-15 19:46:43 [INFO] httpx: HTTP Request: GET http://localhost:8001/ "HTTP/1.1 200 OK"
2026-07-15 19:46:48 [INFO] httpx: HTTP Request: GET http://localhost:8001/ "HTTP/1.1 200 OK"
2026-07-15 19:46:53 [INFO] httpx: HTTP Request: GET http://localhost:8001/ "HTTP/1.1 200 OK"
2026-07-15 19:46:58 [INFO] httpx: HTTP Request: GET http://localhost:8001/ "HTTP/1.1 200 OK"
2026-07-15 19:47:03 [INFO] httpx: HTTP Request: GET http://localhost:8001/ "HTTP/1.1 200 OK"
2026-07-15 19:47:08 [INFO] httpx: HTTP Request: GET http://localhost:8001/ "HTTP/1.1 200 OK"
2026-07-15 19:47:13 [INFO] httpx: HTTP Request: GET http://localhost:8001/ "HTTP/1.1 200 OK"
2026-07-15 19:47:18 [INFO] httpx: HTTP Request: GET http://localhost:8001/ "HTTP/1.1 200 OK"
2026-07-15 19:47:23 [INFO] httpx: HTTP Request: GET http://localhost:8001/ "HTTP/1.1 200 OK"
2026-07-15 19:47:28 [INFO] httpx: HTTP Request: GET http://localhost:8001/ "HTTP/1.1 200 OK"
2026-07-15 19:47:33 [INFO] httpx: HTTP Request: GET http://localhost:8001/ "HTTP/1.1 200 OK"
2026-07-15 19:47:38 [INFO] httpx: HTTP Request: GET http://localhost:8001/ "HTTP/1.1 200 OK"
2026-07-15 19:47:43 [INFO] httpx: HTTP Request: GET http://localhost:8001/ "HTTP/1.1 200 OK"
2026-07-15 19:47:48 [INFO] httpx: HTTP Request: GET http://localhost:8001/ "HTTP/1.1 200 OK"
2026-07-15 19:47:53 [INFO] httpx: HTTP Request: GET http://localhost:8001/ "HTTP/1.1 200 OK"
2026-07-15 19:47:58 [INFO] httpx: HTTP Request: GET http://localhost:8001/ "HTTP/1.1 200 OK"
2026-07-15 19:48:03 [INFO] httpx: HTTP Request: GET http://localhost:8001/ "HTTP/1.1 200 OK"
2026-07-15 19:48:08 [INFO] httpx: HTTP Request: GET http://localhost:8001/ "HTTP/1.1 200 OK"
2026-07-15 19:48:13 [INFO] httpx: HTTP Request: GET http://localhost:8001/ "HTTP/1.1 200 OK"
2026-07-15 19:48:18 [INFO] httpx: HTTP Request: GET http://localhost:8001/ "HTTP/1.1 200 OK"
2026-07-15 19:48:23 [INFO] httpx: HTTP Request: GET http://localhost:8001/ "HTTP/1.1 200 OK"
2026-07-15 19:48:28 [INFO] httpx: HTTP Request: GET http://localhost:8001/ "HTTP/1.1 200 OK"
2026-07-15 19:48:33 [INFO] httpx: HTTP Request: GET http://localhost:8001/ "HTTP/1.1 200 OK"
2026-07-15 19:48:38 [INFO] httpx: HTTP Request: GET http://localhost:8001/ "HTTP/1.1 200 OK"
2026-07-15 19:48:43 [INFO] httpx: HTTP Request: GET http://localhost:8001/ "HTTP/1.1 200 OK"
2026-07-15 19:48:48 [INFO] httpx: HTTP Request: GET http://localhost:8001/ "HTTP/1.1 200 OK"
2026-07-15 19:48:53 [INFO] httpx: HTTP Request: GET http://localhost:8001/ "HTTP/1.1 200 OK"
2026-07-15 19:48:58 [INFO] httpx: HTTP Request: GET http://localhost:8001/ "HTTP/1.1 200 OK"
2026-07-15 19:49:03 [INFO] httpx: HTTP Request: GET http://localhost:8001/ "HTTP/1.1 200 OK"
2026-07-15 19:49:08 [INFO] httpx: HTTP Request: GET http://localhost:8001/ "HTTP/1.1 200 OK"
2026-07-15 19:49:13 [INFO] httpx: HTTP Request: GET http://localhost:8001/ "HTTP/1.1 200 OK"
2026-07-15 19:49:18 [INFO] httpx: HTTP Request: GET http://localhost:8001/ "HTTP/1.1 200 OK"
2026-07-15 19:49:23 [INFO] httpx: HTTP Request: GET http://localhost:8001/ "HTTP/1.1 200 OK"
2026-07-15 19:49:28 [INFO] httpx: HTTP Request: GET http://localhost:8001/ "HTTP/1.1 200 OK"
2026-07-15 19:49:33 [INFO] httpx: HTTP Request: GET http://localhost:8001/ "HTTP/1.1 200 OK"
2026-07-15 19:49:38 [INFO] httpx: HTTP Request: GET http://localhost:8001/ "HTTP/1.1 200 OK"
2026-07-15 19:49:43 [INFO] httpx: HTTP Request: GET http://localhost:8001/ "HTTP/1.1 200 OK"
2026-07-15 19:49:48 [INFO] httpx: HTTP Request: GET http://localhost:8001/ "HTTP/1.1 200 OK"
2026-07-15 19:49:53 [INFO] httpx: HTTP Request: GET http://localhost:8001/ "HTTP/1.1 200 OK"
2026-07-15 19:49:58 [INFO] httpx: HTTP Request: GET http://localhost:8001/ "HTTP/1.1 200 OK"
2026-07-15 19:50:03 [INFO] httpx: HTTP Request: GET http://localhost:8001/ "HTTP/1.1 200 OK"
2026-07-15 19:50:08 [INFO] httpx: HTTP Request: GET http://localhost:8001/ "HTTP/1.1 200 OK"
2026-07-15 19:50:13 [INFO] httpx: HTTP Request: GET http://localhost:8001/ "HTTP/1.1 200 OK"
2026-07-15 19:50:18 [INFO] httpx: HTTP Request: GET http://localhost:8001/ "HTTP/1.1 200 OK"
2026-07-15 19:50:24 [INFO] httpx: HTTP Request: GET http://localhost:8001/ "HTTP/1.1 200 OK"
2026-07-15 19:50:28 [INFO] httpx: HTTP Request: GET http://localhost:8001/ "HTTP/1.1 200 OK"
2026-07-15 19:50:29 [INFO] httpx: HTTP Request: GET http://localhost:8001/ "HTTP/1.1 200 OK"
2026-07-15 19:50:31 [INFO] httpx: HTTP Request: GET http://localhost:8001/ "HTTP/1.1 200 OK"
2026-07-15 19:50:36 [INFO] httpx: HTTP Request: GET http://localhost:8001/ "HTTP/1.1 200 OK"
2026-07-15 19:50:41 [INFO] httpx: HTTP Request: GET http://localhost:8001/ "HTTP/1.1 200 OK"
2026-07-15 19:50:46 [INFO] httpx: HTTP Request: GET http://localhost:8001/ "HTTP/1.1 200 OK"
2026-07-15 19:50:51 [INFO] httpx: HTTP Request: GET http://localhost:8001/ "HTTP/1.1 200 OK"
2026-07-15 19:50:56 [INFO] httpx: HTTP Request: GET http://localhost:8001/ "HTTP/1.1 200 OK"
2026-07-15 19:51:01 [INFO] httpx: HTTP Request: GET http://localhost:8001/ "HTTP/1.1 200 OK"
2026-07-15 19:51:06 [INFO] httpx: HTTP Request: GET http://localhost:8001/ "HTTP/1.1 200 OK"
2026-07-15 19:51:11 [INFO] httpx: HTTP Request: GET http://localhost:8001/ "HTTP/1.1 200 OK"
2026-07-15 19:51:16 [INFO] httpx: HTTP Request: GET http://localhost:8001/ "HTTP/1.1 200 OK"
2026-07-15 19:51:21 [INFO] httpx: HTTP Request: GET http://localhost:8001/ "HTTP/1.1 200 OK"
2026-07-15 19:51:26 [INFO] httpx: HTTP Request: GET http://localhost:8001/ "HTTP/1.1 200 OK"
2026-07-15 19:51:31 [INFO] httpx: HTTP Request: GET http://localhost:8001/ "HTTP/1.1 200 OK"
2026-07-15 19:51:36 [INFO] httpx: HTTP Request: GET http://localhost:8001/ "HTTP/1.1 200 OK"
2026-07-15 19:51:41 [INFO] httpx: HTTP Request: GET http://localhost:8001/ "HTTP/1.1 200 OK"
2026-07-15 19:51:46 [INFO] httpx: HTTP Request: GET http://localhost:8001/ "HTTP/1.1 200 OK"
2026-07-15 19:51:51 [INFO] httpx: HTTP Request: GET http://localhost:8001/ "HTTP/1.1 200 OK"
2026-07-15 19:51:56 [INFO] httpx: HTTP Request: GET http://localhost:8001/ "HTTP/1.1 200 OK"
2026-07-15 19:52:01 [INFO] httpx: HTTP Request: GET http://localhost:8001/ "HTTP/1.1 200 OK"
2026-07-15 19:52:06 [INFO] httpx: HTTP Request: GET http://localhost:8001/ "HTTP/1.1 200 OK"
2026-07-15 19:52:11 [INFO] httpx: HTTP Request: GET http://localhost:8001/ "HTTP/1.1 200 OK"
2026-07-15 19:52:16 [INFO] httpx: HTTP Request: GET http://localhost:8001/ "HTTP/1.1 200 OK"
2026-07-15 19:52:21 [INFO] httpx: HTTP Request: GET http://localhost:8001/ "HTTP/1.1 200 OK"
2026-07-15 19:52:26 [INFO] httpx: HTTP Request: GET http://localhost:8001/ "HTTP/1.1 200 OK"
2026-07-15 19:52:31 [INFO] httpx: HTTP Request: GET http://localhost:8001/ "HTTP/1.1 200 OK"
2026-07-15 19:52:36 [INFO] httpx: HTTP Request: GET http://localhost:8001/ "HTTP/1.1 200 OK"
2026-07-15 19:52:41 [INFO] httpx: HTTP Request: GET http://localhost:8001/ "HTTP/1.1 200 OK"
2026-07-15 19:52:46 [INFO] httpx: HTTP Request: GET http://localhost:8001/ "HTTP/1.1 200 OK"
2026-07-15 19:52:51 [INFO] httpx: HTTP Request: GET http://localhost:8001/ "HTTP/1.1 200 OK"
2026-07-15 19:52:56 [INFO] httpx: HTTP Request: GET http://localhost:8001/ "HTTP/1.1 200 OK"
2026-07-15 19:53:01 [INFO] httpx: HTTP Request: GET http://localhost:8001/ "HTTP/1.1 200 OK"
2026-07-15 19:53:06 [INFO] httpx: HTTP Request: GET http://localhost:8001/ "HTTP/1.1 200 OK"
2026-07-15 19:53:11 [INFO] httpx: HTTP Request: GET http://localhost:8001/ "HTTP/1.1 200 OK"
2026-07-15 19:53:16 [INFO] httpx: HTTP Request: GET http://localhost:8001/ "HTTP/1.1 200 OK"
2026-07-15 19:53:21 [INFO] httpx: HTTP Request: GET http://localhost:8001/ "HTTP/1.1 200 OK"
2026-07-15 19:53:26 [INFO] httpx: HTTP Request: GET http://localhost:8001/ "HTTP/1.1 200 OK"
2026-07-15 19:53:31 [INFO] httpx: HTTP Request: GET http://localhost:8001/ "HTTP/1.1 200 OK"
2026-07-15 19:53:36 [INFO] httpx: HTTP Request: GET http://localhost:8001/ "HTTP/1.1 200 OK"
2026-07-15 19:53:41 [INFO] httpx: HTTP Request: GET http://localhost:8001/ "HTTP/1.1 200 OK"
2026-07-15 19:53:46 [INFO] httpx: HTTP Request: GET http://localhost:8001/ "HTTP/1.1 200 OK"
2026-07-15 19:53:51 [INFO] httpx: HTTP Request: GET http://localhost:8001/ "HTTP/1.1 200 OK"
2026-07-15 19:53:56 [INFO] httpx: HTTP Request: GET http://localhost:8001/ "HTTP/1.1 200 OK"
2026-07-15 19:54:01 [INFO] httpx: HTTP Request: GET http://localhost:8001/ "HTTP/1.1 200 OK"
2026-07-15 19:54:06 [INFO] httpx: HTTP Request: GET http://localhost:8001/ "HTTP/1.1 200 OK"
2026-07-15 19:54:11 [INFO] httpx: HTTP Request: GET http://localhost:8001/ "HTTP/1.1 200 OK"
2026-07-15 19:54:16 [INFO] httpx: HTTP Request: GET http://localhost:8001/ "HTTP/1.1 200 OK"
2026-07-15 19:54:21 [INFO] httpx: HTTP Request: GET http://localhost:8001/ "HTTP/1.1 200 OK"
2026-07-15 19:54:26 [INFO] httpx: HTTP Request: GET http://localhost:8001/ "HTTP/1.1 200 OK"
2026-07-15 19:54:31 [INFO] httpx: HTTP Request: GET http://localhost:8001/ "HTTP/1.1 200 OK"
2026-07-15 19:58:27 [INFO] httpx: HTTP Request: GET http://localhost:8001/ "HTTP/1.1 200 OK"
2026-07-15 19:58:33 [INFO] httpx: HTTP Request: GET http://localhost:8001/ "HTTP/1.1 200 OK"
2026-07-15 19:58:38 [INFO] httpx: HTTP Request: GET http://localhost:8001/ "HTTP/1.1 200 OK"
2026-07-15 19:58:43 [INFO] httpx: HTTP Request: GET http://localhost:8001/ "HTTP/1.1 200 OK"
2026-07-15 19:58:48 [INFO] httpx: HTTP Request: GET http://localhost:8001/ "HTTP/1.1 200 OK"
2026-07-15 19:58:53 [INFO] httpx: HTTP Request: GET http://localhost:8001/ "HTTP/1.1 200 OK"
2026-07-15 19:58:58 [INFO] httpx: HTTP Request: GET http://localhost:8001/ "HTTP/1.1 200 OK"
2026-07-15 19:59:03 [INFO] httpx: HTTP Request: GET http://localhost:8001/ "HTTP/1.1 200 OK"
2026-07-15 19:59:07 [INFO] httpx: HTTP Request: GET http://localhost:8001/ "HTTP/1.1 200 OK"
2026-07-15 19:59:13 [INFO] httpx: HTTP Request: GET http://localhost:8001/ "HTTP/1.1 200 OK"
2026-07-15 19:59:18 [INFO] httpx: HTTP Request: GET http://localhost:8001/ "HTTP/1.1 200 OK"
2026-07-15 19:59:22 [INFO] httpx: HTTP Request: GET http://localhost:8001/ "HTTP/1.1 200 OK"
2026-07-15 19:59:28 [INFO] httpx: HTTP Request: GET http://localhost:8001/ "HTTP/1.1 200 OK"
2026-07-15 19:59:33 [INFO] httpx: HTTP Request: GET http://localhost:8001/ "HTTP/1.1 200 OK"
2026-07-15 19:59:38 [INFO] httpx: HTTP Request: GET http://localhost:8001/ "HTTP/1.1 200 OK"
2026-07-15 19:59:43 [INFO] httpx: HTTP Request: GET http://localhost:8001/ "HTTP/1.1 200 OK"
2026-07-15 19:59:48 [INFO] httpx: HTTP Request: GET http://localhost:8001/ "HTTP/1.1 200 OK"
2026-07-15 19:59:53 [INFO] httpx: HTTP Request: GET http://localhost:8001/ "HTTP/1.1 200 OK"
2026-07-15 19:59:58 [INFO] httpx: HTTP Request: GET http://localhost:8001/ "HTTP/1.1 200 OK"
2026-07-15 20:00:03 [INFO] httpx: HTTP Request: GET http://localhost:8001/ "HTTP/1.1 200 OK"
2026-07-15 20:00:08 [INFO] httpx: HTTP Request: GET http://localhost:8001/ "HTTP/1.1 200 OK"
2026-07-15 20:00:13 [INFO] httpx: HTTP Request: GET http://localhost:8001/ "HTTP/1.1 200 OK"
2026-07-15 20:00:18 [INFO] httpx: HTTP Request: GET http://localhost:8001/ "HTTP/1.1 200 OK"
2026-07-15 20:00:23 [INFO] httpx: HTTP Request: GET http://localhost:8001/ "HTTP/1.1 200 OK"
2026-07-15 20:00:28 [INFO] httpx: HTTP Request: GET http://localhost:8001/ "HTTP/1.1 200 OK"
2026-07-15 20:00:33 [INFO] httpx: HTTP Request: GET http://localhost:8001/ "HTTP/1.1 200 OK"
2026-07-15 20:00:43 [INFO] httpx: HTTP Request: GET http://localhost:8001/ "HTTP/1.1 200 OK"
2026-07-15 20:00:47 [INFO] httpx: HTTP Request: GET http://localhost:8001/ "HTTP/1.1 200 OK"
2026-07-15 20:00:47 [INFO] httpx: HTTP Request: GET http://localhost:8001/ "HTTP/1.1 200 OK"
2026-07-15 20:00:52 [INFO] httpx: HTTP Request: GET http://localhost:8001/ "HTTP/1.1 200 OK"
2026-07-15 20:00:57 [INFO] httpx: HTTP Request: GET http://localhost:8001/ "HTTP/1.1 200 OK"
2026-07-15 20:01:02 [INFO] httpx: HTTP Request: GET http://localhost:8001/ "HTTP/1.1 200 OK"
2026-07-15 20:01:07 [INFO] httpx: HTTP Request: GET http://localhost:8001/ "HTTP/1.1 200 OK"
2026-07-15 20:01:12 [INFO] httpx: HTTP Request: GET http://localhost:8001/ "HTTP/1.1 200 OK"
2026-07-15 20:02:03 [INFO] httpx: HTTP Request: GET http://localhost:8001/ "HTTP/1.1 200 OK"
2026-07-15 20:02:08 [INFO] httpx: HTTP Request: GET http://localhost:8001/ "HTTP/1.1 200 OK"
2026-07-15 20:02:13 [INFO] httpx: HTTP Request: GET http://localhost:8001/ "HTTP/1.1 200 OK"
2026-07-15 20:02:18 [INFO] httpx: HTTP Request: GET http://localhost:8001/ "HTTP/1.1 200 OK"
2026-07-15 20:02:23 [INFO] httpx: HTTP Request: GET http://localhost:8001/ "HTTP/1.1 200 OK"
2026-07-15 20:02:28 [INFO] httpx: HTTP Request: GET http://localhost:8001/ "HTTP/1.1 200 OK"
2026-07-15 20:02:33 [INFO] httpx: HTTP Request: GET http://localhost:8001/ "HTTP/1.1 200 OK"
2026-07-15 20:02:38 [INFO] httpx: HTTP Request: GET http://localhost:8001/ "HTTP/1.1 200 OK"
2026-07-15 20:02:43 [INFO] httpx: HTTP Request: GET http://localhost:8001/ "HTTP/1.1 200 OK"
2026-07-15 20:02:48 [INFO] httpx: HTTP Request: GET http://localhost:8001/ "HTTP/1.1 200 OK"
2026-07-15 20:02:53 [INFO] httpx: HTTP Request: GET http://localhost:8001/ "HTTP/1.1 200 OK"
2026-07-15 20:02:58 [INFO] httpx: HTTP Request: GET http://localhost:8001/ "HTTP/1.1 200 OK"
2026-07-15 20:03:03 [INFO] httpx: HTTP Request: GET http://localhost:8001/ "HTTP/1.1 200 OK"
2026-07-15 20:03:08 [INFO] httpx: HTTP Request: GET http://localhost:8001/ "HTTP/1.1 200 OK"
2026-07-15 20:03:13 [INFO] httpx: HTTP Request: GET http://localhost:8001/ "HTTP/1.1 200 OK"
2026-07-15 20:03:18 [INFO] httpx: HTTP Request: GET http://localhost:8001/ "HTTP/1.1 200 OK"
2026-07-15 20:03:23 [INFO] httpx: HTTP Request: GET http://localhost:8001/ "HTTP/1.1 200 OK"
2026-07-15 20:03:28 [INFO] httpx: HTTP Request: GET http://localhost:8001/ "HTTP/1.1 200 OK"
2026-07-15 20:03:33 [INFO] httpx: HTTP Request: GET http://localhost:8001/ "HTTP/1.1 200 OK"
2026-07-15 20:03:38 [INFO] httpx: HTTP Request: GET http://localhost:8001/ "HTTP/1.1 200 OK"
2026-07-15 20:03:43 [INFO] httpx: HTTP Request: GET http://localhost:8001/ "HTTP/1.1 200 OK"
2026-07-15 20:03:48 [INFO] httpx: HTTP Request: GET http://localhost:8001/ "HTTP/1.1 200 OK"
2026-07-15 20:03:53 [INFO] httpx: HTTP Request: GET http://localhost:8001/ "HTTP/1.1 200 OK"
2026-07-15 20:03:58 [INFO] httpx: HTTP Request: GET http://localhost:8001/ "HTTP/1.1 200 OK"
2026-07-15 20:04:03 [INFO] httpx: HTTP Request: GET http://localhost:8001/ "HTTP/1.1 200 OK"
2026-07-15 20:04:08 [INFO] httpx: HTTP Request: GET http://localhost:8001/ "HTTP/1.1 200 OK"
2026-07-15 20:04:13 [INFO] httpx: HTTP Request: GET http://localhost:8001/ "HTTP/1.1 200 OK"
2026-07-15 20:04:18 [INFO] httpx: HTTP Request: GET http://localhost:8001/ "HTTP/1.1 200 OK"
2026-07-15 20:04:23 [INFO] httpx: HTTP Request: GET http://localhost:8001/ "HTTP/1.1 200 OK"
2026-07-15 20:04:28 [INFO] httpx: HTTP Request: GET http://localhost:8001/ "HTTP/1.1 200 OK"
2026-07-15 20:04:33 [INFO] httpx: HTTP Request: GET http://localhost:8001/ "HTTP/1.1 200 OK"
2026-07-15 20:04:38 [INFO] httpx: HTTP Request: GET http://localhost:8001/ "HTTP/1.1 200 OK"
2026-07-15 20:04:43 [INFO] httpx: HTTP Request: GET http://localhost:8001/ "HTTP/1.1 200 OK"
2026-07-15 20:04:48 [INFO] httpx: HTTP Request: GET http://localhost:8001/ "HTTP/1.1 200 OK"
2026-07-15 20:04:53 [INFO] httpx: HTTP Request: GET http://localhost:8001/ "HTTP/1.1 200 OK"
2026-07-15 20:04:58 [INFO] httpx: HTTP Request: GET http://localhost:8001/ "HTTP/1.1 200 OK"
2026-07-15 20:05:03 [INFO] httpx: HTTP Request: GET http://localhost:8001/ "HTTP/1.1 200 OK"
2026-07-15 20:05:08 [INFO] httpx: HTTP Request: GET http://localhost:8001/ "HTTP/1.1 200 OK"
2026-07-15 20:05:13 [INFO] httpx: HTTP Request: GET http://localhost:8001/ "HTTP/1.1 200 OK"
2026-07-15 20:05:18 [INFO] httpx: HTTP Request: GET http://localhost:8001/ "HTTP/1.1 200 OK"
2026-07-15 20:05:20 [INFO] httpx: HTTP Request: POST http://localhost:8001/api/chat "HTTP/1.1 200 OK"
2026-07-15 20:05:23 [INFO] httpx: HTTP Request: GET http://localhost:8001/ "HTTP/1.1 200 OK"
2026-07-15 20:05:28 [INFO] httpx: HTTP Request: GET http://localhost:8001/ "HTTP/1.1 200 OK"
2026-07-15 20:05:33 [INFO] httpx: HTTP Request: GET http://localhost:8001/ "HTTP/1.1 200 OK"
2026-07-15 20:05:38 [INFO] httpx: HTTP Request: GET http://localhost:8001/ "HTTP/1.1 200 OK"
2026-07-15 20:05:43 [INFO] httpx: HTTP Request: GET http://localhost:8001/ "HTTP/1.1 200 OK"
2026-07-15 20:05:48 [INFO] httpx: HTTP Request: GET http://localhost:8001/ "HTTP/1.1 200 OK"
2026-07-15 20:05:53 [INFO] httpx: HTTP Request: GET http://localhost:8001/ "HTTP/1.1 200 OK"
2026-07-15 20:05:58 [INFO] httpx: HTTP Request: GET http://localhost:8001/ "HTTP/1.1 200 OK"
2026-07-15 20:06:03 [INFO] httpx: HTTP Request: GET http://localhost:8001/ "HTTP/1.1 200 OK"
2026-07-15 20:06:08 [INFO] httpx: HTTP Request: GET http://localhost:8001/ "HTTP/1.1 200 OK"
2026-07-15 20:06:13 [INFO] httpx: HTTP Request: GET http://localhost:8001/ "HTTP/1.1 200 OK"
2026-07-15 20:06:18 [INFO] httpx: HTTP Request: GET http://localhost:8001/ "HTTP/1.1 200 OK"
2026-07-15 20:06:23 [INFO] httpx: HTTP Request: GET http://localhost:8001/ "HTTP/1.1 200 OK"
2026-07-15 20:06:29 [INFO] httpx: HTTP Request: GET http://localhost:8001/ "HTTP/1.1 200 OK"
2026-07-15 20:06:34 [INFO] httpx: HTTP Request: GET http://localhost:8001/ "HTTP/1.1 200 OK"
2026-07-15 20:06:39 [INFO] httpx: HTTP Request: GET http://localhost:8001/ "HTTP/1.1 200 OK"
2026-07-15 20:06:44 [INFO] httpx: HTTP Request: GET http://localhost:8001/ "HTTP/1.1 200 OK"
2026-07-15 20:06:49 [INFO] httpx: HTTP Request: GET http://localhost:8001/ "HTTP/1.1 200 OK"
2026-07-15 20:06:54 [INFO] httpx: HTTP Request: GET http://localhost:8001/ "HTTP/1.1 200 OK"
2026-07-15 20:06:59 [INFO] httpx: HTTP Request: GET http://localhost:8001/ "HTTP/1.1 200 OK"
2026-07-15 20:07:03 [INFO] httpx: HTTP Request: GET http://localhost:8001/ "HTTP/1.1 200 OK"
2026-07-15 20:07:08 [INFO] httpx: HTTP Request: GET http://localhost:8001/ "HTTP/1.1 200 OK"
2026-07-15 20:07:13 [INFO] httpx: HTTP Request: GET http://localhost:8001/ "HTTP/1.1 200 OK"
2026-07-15 20:07:18 [INFO] httpx: HTTP Request: GET http://localhost:8001/ "HTTP/1.1 200 OK"
2026-07-15 20:07:23 [INFO] httpx: HTTP Request: GET http://localhost:8001/ "HTTP/1.1 200 OK"
2026-07-15 20:07:28 [INFO] httpx: HTTP Request: GET http://localhost:8001/ "HTTP/1.1 200 OK"
2026-07-15 20:07:33 [INFO] httpx: HTTP Request: GET http://localhost:8001/ "HTTP/1.1 200 OK"
2026-07-15 20:07:38 [INFO] httpx: HTTP Request: GET http://localhost:8001/ "HTTP/1.1 200 OK"
2026-07-15 20:07:43 [INFO] httpx: HTTP Request: GET http://localhost:8001/ "HTTP/1.1 200 OK"
2026-07-15 20:07:48 [INFO] httpx: HTTP Request: GET http://localhost:8001/ "HTTP/1.1 200 OK"
2026-07-15 20:07:53 [INFO] httpx: HTTP Request: GET http://localhost:8001/ "HTTP/1.1 200 OK"
2026-07-15 20:07:57 [INFO] httpx: HTTP Request: GET http://localhost:8001/ "HTTP/1.1 200 OK"
2026-07-15 20:07:58 [INFO] httpx: HTTP Request: GET http://localhost:8001/ "HTTP/1.1 200 OK"
2026-07-15 20:08:02 [INFO] httpx: HTTP Request: GET http://localhost:8001/ "HTTP/1.1 200 OK"
2026-07-15 20:08:07 [INFO] httpx: HTTP Request: GET http://localhost:8001/ "HTTP/1.1 200 OK"
2026-07-15 20:08:12 [INFO] httpx: HTTP Request: GET http://localhost:8001/ "HTTP/1.1 200 OK"
2026-07-15 20:10:29 [INFO] httpx: HTTP Request: GET http://localhost:8001/ "HTTP/1.1 200 OK"
2026-07-15 20:10:34 [INFO] httpx: HTTP Request: GET http://localhost:8001/ "HTTP/1.1 200 OK"
2026-07-15 20:10:39 [INFO] httpx: HTTP Request: GET http://localhost:8001/ "HTTP/1.1 200 OK"
2026-07-15 20:10:44 [INFO] httpx: HTTP Request: GET http://localhost:8001/ "HTTP/1.1 200 OK"
2026-07-15 20:10:49 [INFO] httpx: HTTP Request: GET http://localhost:8001/ "HTTP/1.1 200 OK"
2026-07-15 20:10:54 [INFO] httpx: HTTP Request: GET http://localhost:8001/ "HTTP/1.1 200 OK"
2026-07-15 20:10:59 [INFO] httpx: HTTP Request: GET http://localhost:8001/ "HTTP/1.1 200 OK"
2026-07-15 20:11:04 [INFO] httpx: HTTP Request: GET http://localhost:8001/ "HTTP/1.1 200 OK"
2026-07-15 20:11:09 [INFO] httpx: HTTP Request: GET http://localhost:8001/ "HTTP/1.1 200 OK"
2026-07-15 20:11:14 [INFO] httpx: HTTP Request: GET http://localhost:8001/ "HTTP/1.1 200 OK"
2026-07-15 20:11:19 [INFO] httpx: HTTP Request: GET http://localhost:8001/ "HTTP/1.1 200 OK"
2026-07-15 20:11:24 [INFO] httpx: HTTP Request: GET http://localhost:8001/ "HTTP/1.1 200 OK"
2026-07-15 20:11:29 [INFO] httpx: HTTP Request: GET http://localhost:8001/ "HTTP/1.1 200 OK"
2026-07-15 20:11:34 [INFO] httpx: HTTP Request: GET http://localhost:8001/ "HTTP/1.1 200 OK"
2026-07-15 20:11:39 [INFO] httpx: HTTP Request: GET http://localhost:8001/ "HTTP/1.1 200 OK"
2026-07-15 20:11:44 [INFO] httpx: HTTP Request: GET http://localhost:8001/ "HTTP/1.1 200 OK"
2026-07-15 20:11:49 [INFO] httpx: HTTP Request: GET http://localhost:8001/ "HTTP/1.1 200 OK"
2026-07-15 20:11:54 [INFO] httpx: HTTP Request: GET http://localhost:8001/ "HTTP/1.1 200 OK"
2026-07-15 20:11:59 [INFO] httpx: HTTP Request: GET http://localhost:8001/ "HTTP/1.1 200 OK"
2026-07-15 20:12:04 [INFO] httpx: HTTP Request: GET http://localhost:8001/ "HTTP/1.1 200 OK"
2026-07-15 20:12:09 [INFO] httpx: HTTP Request: GET http://localhost:8001/ "HTTP/1.1 200 OK"
2026-07-15 20:12:14 [INFO] httpx: HTTP Request: GET http://localhost:8001/ "HTTP/1.1 200 OK"
2026-07-15 20:12:19 [INFO] httpx: HTTP Request: GET http://localhost:8001/ "HTTP/1.1 200 OK"
2026-07-15 20:12:24 [INFO] httpx: HTTP Request: GET http://localhost:8001/ "HTTP/1.1 200 OK"
2026-07-15 20:12:29 [INFO] httpx: HTTP Request: GET http://localhost:8001/ "HTTP/1.1 200 OK"
2026-07-15 20:12:34 [INFO] httpx: HTTP Request: GET http://localhost:8001/ "HTTP/1.1 200 OK"
2026-07-15 20:12:39 [INFO] httpx: HTTP Request: GET http://localhost:8001/ "HTTP/1.1 200 OK"
2026-07-15 20:12:44 [INFO] httpx: HTTP Request: GET http://localhost:8001/ "HTTP/1.1 200 OK"
2026-07-15 20:12:49 [INFO] httpx: HTTP Request: GET http://localhost:8001/ "HTTP/1.1 200 OK"
2026-07-15 20:12:54 [INFO] httpx: HTTP Request: GET http://localhost:8001/ "HTTP/1.1 200 OK"
2026-07-15 20:12:59 [INFO] httpx: HTTP Request: GET http://localhost:8001/ "HTTP/1.1 200 OK"
2026-07-15 20:13:04 [INFO] httpx: HTTP Request: GET http://localhost:8001/ "HTTP/1.1 200 OK"
2026-07-15 20:13:09 [INFO] httpx: HTTP Request: GET http://localhost:8001/ "HTTP/1.1 200 OK"
2026-07-15 20:13:14 [INFO] httpx: HTTP Request: GET http://localhost:8001/ "HTTP/1.1 200 OK"
2026-07-15 20:13:19 [INFO] httpx: HTTP Request: GET http://localhost:8001/ "HTTP/1.1 200 OK"
2026-07-15 20:13:24 [INFO] httpx: HTTP Request: GET http://localhost:8001/ "HTTP/1.1 200 OK"
2026-07-15 20:13:29 [INFO] httpx: HTTP Request: GET http://localhost:8001/ "HTTP/1.1 200 OK"
2026-07-15 20:13:34 [INFO] httpx: HTTP Request: GET http://localhost:8001/ "HTTP/1.1 200 OK"
2026-07-15 20:13:39 [INFO] httpx: HTTP Request: GET http://localhost:8001/ "HTTP/1.1 200 OK"
2026-07-15 20:13:44 [INFO] httpx: HTTP Request: GET http://localhost:8001/ "HTTP/1.1 200 OK"
2026-07-15 20:13:49 [INFO] httpx: HTTP Request: GET http://localhost:8001/ "HTTP/1.1 200 OK"
2026-07-15 20:13:54 [INFO] httpx: HTTP Request: GET http://localhost:8001/ "HTTP/1.1 200 OK"
2026-07-15 20:13:59 [INFO] httpx: HTTP Request: GET http://localhost:8001/ "HTTP/1.1 200 OK"
2026-07-15 20:14:04 [INFO] httpx: HTTP Request: GET http://localhost:8001/ "HTTP/1.1 200 OK"
2026-07-15 20:14:09 [INFO] httpx: HTTP Request: GET http://localhost:8001/ "HTTP/1.1 200 OK"
2026-07-15 20:14:14 [INFO] httpx: HTTP Request: GET http://localhost:8001/ "HTTP/1.1 200 OK"
2026-07-15 20:14:19 [INFO] httpx: HTTP Request: GET http://localhost:8001/ "HTTP/1.1 200 OK"
2026-07-15 20:14:24 [INFO] httpx: HTTP Request: GET http://localhost:8001/ "HTTP/1.1 200 OK"
2026-07-15 20:14:30 [INFO] httpx: HTTP Request: GET http://localhost:8001/ "HTTP/1.1 200 OK"
2026-07-15 20:14:34 [INFO] httpx: HTTP Request: GET http://localhost:8001/ "HTTP/1.1 200 OK"
2026-07-15 20:14:39 [INFO] httpx: HTTP Request: GET http://localhost:8001/ "HTTP/1.1 200 OK"
2026-07-15 20:14:44 [INFO] httpx: HTTP Request: GET http://localhost:8001/ "HTTP/1.1 200 OK"
2026-07-15 20:14:49 [INFO] httpx: HTTP Request: GET http://localhost:8001/ "HTTP/1.1 200 OK"
2026-07-15 20:14:54 [INFO] httpx: HTTP Request: GET http://localhost:8001/ "HTTP/1.1 200 OK"
2026-07-15 20:14:59 [INFO] httpx: HTTP Request: GET http://localhost:8001/ "HTTP/1.1 200 OK"
2026-07-15 20:15:04 [INFO] httpx: HTTP Request: GET http://localhost:8001/ "HTTP/1.1 200 OK"
2026-07-15 20:15:09 [INFO] httpx: HTTP Request: GET http://localhost:8001/ "HTTP/1.1 200 OK"
2026-07-15 20:15:14 [INFO] httpx: HTTP Request: GET http://localhost:8001/ "HTTP/1.1 200 OK"
2026-07-15 20:15:19 [INFO] httpx: HTTP Request: GET http://localhost:8001/ "HTTP/1.1 200 OK"
2026-07-15 20:15:24 [INFO] httpx: HTTP Request: GET http://localhost:8001/ "HTTP/1.1 200 OK"
2026-07-15 20:15:29 [INFO] httpx: HTTP Request: GET http://localhost:8001/ "HTTP/1.1 200 OK"
2026-07-15 20:15:34 [INFO] httpx: HTTP Request: GET http://localhost:8001/ "HTTP/1.1 200 OK"
2026-07-15 20:15:39 [INFO] httpx: HTTP Request: GET http://localhost:8001/ "HTTP/1.1 200 OK"
2026-07-15 20:15:44 [INFO] httpx: HTTP Request: GET http://localhost:8001/ "HTTP/1.1 200 OK"
2026-07-15 20:15:49 [INFO] httpx: HTTP Request: GET http://localhost:8001/ "HTTP/1.1 200 OK"
2026-07-15 20:15:54 [INFO] httpx: HTTP Request: GET http://localhost:8001/ "HTTP/1.1 200 OK"
2026-07-15 20:15:59 [INFO] httpx: HTTP Request: GET http://localhost:8001/ "HTTP/1.1 200 OK"
2026-07-15 20:16:04 [INFO] httpx: HTTP Request: GET http://localhost:8001/ "HTTP/1.1 200 OK"
2026-07-15 20:16:09 [INFO] httpx: HTTP Request: GET http://localhost:8001/ "HTTP/1.1 200 OK"
2026-07-15 20:16:14 [INFO] httpx: HTTP Request: GET http://localhost:8001/ "HTTP/1.1 200 OK"
2026-07-15 20:16:19 [INFO] httpx: HTTP Request: GET http://localhost:8001/ "HTTP/1.1 200 OK"
2026-07-15 20:16:24 [INFO] httpx: HTTP Request: GET http://localhost:8001/ "HTTP/1.1 200 OK"
2026-07-15 20:16:29 [INFO] httpx: HTTP Request: GET http://localhost:8001/ "HTTP/1.1 200 OK"
2026-07-15 20:16:34 [INFO] httpx: HTTP Request: GET http://localhost:8001/ "HTTP/1.1 200 OK"
2026-07-15 20:16:39 [INFO] httpx: HTTP Request: GET http://localhost:8001/ "HTTP/1.1 200 OK"
2026-07-15 20:16:44 [INFO] httpx: HTTP Request: GET http://localhost:8001/ "HTTP/1.1 200 OK"
2026-07-15 20:16:49 [INFO] httpx: HTTP Request: GET http://localhost:8001/ "HTTP/1.1 200 OK"
2026-07-15 20:16:54 [INFO] httpx: HTTP Request: GET http://localhost:8001/ "HTTP/1.1 200 OK"
2026-07-15 20:16:59 [INFO] httpx: HTTP Request: GET http://localhost:8001/ "HTTP/1.1 200 OK"
2026-07-15 20:17:04 [INFO] httpx: HTTP Request: GET http://localhost:8001/ "HTTP/1.1 200 OK"
2026-07-15 20:17:09 [INFO] httpx: HTTP Request: GET http://localhost:8001/ "HTTP/1.1 200 OK"
2026-07-15 20:17:14 [INFO] httpx: HTTP Request: GET http://localhost:8001/ "HTTP/1.1 200 OK"
2026-07-15 20:17:19 [INFO] httpx: HTTP Request: GET http://localhost:8001/ "HTTP/1.1 200 OK"
2026-07-15 20:17:24 [INFO] httpx: HTTP Request: GET http://localhost:8001/ "HTTP/1.1 200 OK"
2026-07-15 20:17:29 [INFO] httpx: HTTP Request: GET http://localhost:8001/ "HTTP/1.1 200 OK"
2026-07-15 20:17:34 [INFO] httpx: HTTP Request: GET http://localhost:8001/ "HTTP/1.1 200 OK"
2026-07-15 20:17:39 [INFO] httpx: HTTP Request: GET http://localhost:8001/ "HTTP/1.1 200 OK"
2026-07-15 20:17:44 [INFO] httpx: HTTP Request: GET http://localhost:8001/ "HTTP/1.1 200 OK"
2026-07-15 20:17:49 [INFO] httpx: HTTP Request: GET http://localhost:8001/ "HTTP/1.1 200 OK"
2026-07-15 20:17:54 [INFO] httpx: HTTP Request: GET http://localhost:8001/ "HTTP/1.1 200 OK"
2026-07-15 20:17:59 [INFO] httpx: HTTP Request: GET http://localhost:8001/ "HTTP/1.1 200 OK"
2026-07-15 20:18:04 [INFO] httpx: HTTP Request: GET http://localhost:8001/ "HTTP/1.1 200 OK"
2026-07-15 20:18:09 [INFO] httpx: HTTP Request: GET http://localhost:8001/ "HTTP/1.1 200 OK"
2026-07-15 20:18:14 [INFO] httpx: HTTP Request: GET http://localhost:8001/ "HTTP/1.1 200 OK"
2026-07-15 20:18:20 [INFO] httpx: HTTP Request: GET http://localhost:8001/ "HTTP/1.1 200 OK"
2026-07-15 20:18:25 [INFO] httpx: HTTP Request: GET http://localhost:8001/ "HTTP/1.1 200 OK"
2026-07-15 20:18:30 [INFO] httpx: HTTP Request: GET http://localhost:8001/ "HTTP/1.1 200 OK"
2026-07-15 20:18:35 [INFO] httpx: HTTP Request: GET http://localhost:8001/ "HTTP/1.1 200 OK"
2026-07-15 20:18:40 [INFO] httpx: HTTP Request: GET http://localhost:8001/ "HTTP/1.1 200 OK"
2026-07-15 20:18:45 [INFO] httpx: HTTP Request: GET http://localhost:8001/ "HTTP/1.1 200 OK"
2026-07-15 20:18:50 [INFO] httpx: HTTP Request: GET http://localhost:8001/ "HTTP/1.1 200 OK"
2026-07-15 20:18:55 [INFO] httpx: HTTP Request: GET http://localhost:8001/ "HTTP/1.1 200 OK"
2026-07-15 20:19:00 [INFO] httpx: HTTP Request: GET http://localhost:8001/ "HTTP/1.1 200 OK"
2026-07-15 20:19:05 [INFO] httpx: HTTP Request: GET http://localhost:8001/ "HTTP/1.1 200 OK"
2026-07-15 20:19:10 [INFO] httpx: HTTP Request: GET http://localhost:8001/ "HTTP/1.1 200 OK"
2026-07-15 20:19:14 [INFO] httpx: HTTP Request: GET http://localhost:8001/ "HTTP/1.1 200 OK"
2026-07-15 20:19:19 [INFO] httpx: HTTP Request: GET http://localhost:8001/ "HTTP/1.1 200 OK"
2026-07-15 20:19:24 [INFO] httpx: HTTP Request: GET http://localhost:8001/ "HTTP/1.1 200 OK"
2026-07-15 20:19:29 [INFO] httpx: HTTP Request: GET http://localhost:8001/ "HTTP/1.1 200 OK"
2026-07-15 20:19:34 [INFO] httpx: HTTP Request: GET http://localhost:8001/ "HTTP/1.1 200 OK"
2026-07-15 20:19:39 [INFO] httpx: HTTP Request: GET http://localhost:8001/ "HTTP/1.1 200 OK"
2026-07-15 20:19:44 [INFO] httpx: HTTP Request: GET http://localhost:8001/ "HTTP/1.1 200 OK"
2026-07-15 20:19:49 [INFO] httpx: HTTP Request: GET http://localhost:8001/ "HTTP/1.1 200 OK"
2026-07-15 20:19:54 [INFO] httpx: HTTP Request: GET http://localhost:8001/ "HTTP/1.1 200 OK"
2026-07-15 20:19:59 [INFO] httpx: HTTP Request: GET http://localhost:8001/ "HTTP/1.1 200 OK"
2026-07-15 20:20:04 [INFO] httpx: HTTP Request: GET http://localhost:8001/ "HTTP/1.1 200 OK"
2026-07-15 20:20:09 [INFO] httpx: HTTP Request: GET http://localhost:8001/ "HTTP/1.1 200 OK"
2026-07-15 20:20:14 [INFO] httpx: HTTP Request: GET http://localhost:8001/ "HTTP/1.1 200 OK"
2026-07-15 20:20:19 [INFO] httpx: HTTP Request: GET http://localhost:8001/ "HTTP/1.1 200 OK"
2026-07-15 20:20:24 [INFO] httpx: HTTP Request: GET http://localhost:8001/ "HTTP/1.1 200 OK"
2026-07-15 20:20:29 [INFO] httpx: HTTP Request: GET http://localhost:8001/ "HTTP/1.1 200 OK"
2026-07-15 20:20:35 [INFO] httpx: HTTP Request: GET http://localhost:8001/ "HTTP/1.1 200 OK"
2026-07-15 20:20:39 [INFO] httpx: HTTP Request: GET http://localhost:8001/ "HTTP/1.1 200 OK"
2026-07-15 20:20:44 [INFO] httpx: HTTP Request: GET http://localhost:8001/ "HTTP/1.1 200 OK"
2026-07-15 20:20:49 [INFO] httpx: HTTP Request: GET http://localhost:8001/ "HTTP/1.1 200 OK"
2026-07-15 20:20:54 [INFO] httpx: HTTP Request: GET http://localhost:8001/ "HTTP/1.1 200 OK"
2026-07-15 20:20:59 [INFO] httpx: HTTP Request: GET http://localhost:8001/ "HTTP/1.1 200 OK"
2026-07-15 20:21:04 [INFO] httpx: HTTP Request: GET http://localhost:8001/ "HTTP/1.1 200 OK"
2026-07-15 20:21:09 [INFO] httpx: HTTP Request: GET http://localhost:8001/ "HTTP/1.1 200 OK"
2026-07-15 20:21:14 [INFO] httpx: HTTP Request: GET http://localhost:8001/ "HTTP/1.1 200 OK"
2026-07-15 20:21:19 [INFO] httpx: HTTP Request: GET http://localhost:8001/ "HTTP/1.1 200 OK"
2026-07-15 20:21:24 [INFO] httpx: HTTP Request: GET http://localhost:8001/ "HTTP/1.1 200 OK"
2026-07-15 20:21:29 [INFO] httpx: HTTP Request: GET http://localhost:8001/ "HTTP/1.1 200 OK"
2026-07-15 20:21:34 [INFO] httpx: HTTP Request: GET http://localhost:8001/ "HTTP/1.1 200 OK"
2026-07-15 20:21:39 [INFO] httpx: HTTP Request: GET http://localhost:8001/ "HTTP/1.1 200 OK"
2026-07-15 20:21:44 [INFO] httpx: HTTP Request: GET http://localhost:8001/ "HTTP/1.1 200 OK"
2026-07-15 20:21:49 [INFO] httpx: HTTP Request: GET http://localhost:8001/ "HTTP/1.1 200 OK"
2026-07-15 20:21:54 [INFO] httpx: HTTP Request: GET http://localhost:8001/ "HTTP/1.1 200 OK"
2026-07-15 20:21:59 [INFO] httpx: HTTP Request: GET http://localhost:8001/ "HTTP/1.1 200 OK"
2026-07-15 20:22:04 [INFO] httpx: HTTP Request: GET http://localhost:8001/ "HTTP/1.1 200 OK"
2026-07-15 20:22:09 [INFO] httpx: HTTP Request: GET http://localhost:8001/ "HTTP/1.1 200 OK"
2026-07-15 20:22:14 [INFO] httpx: HTTP Request: GET http://localhost:8001/ "HTTP/1.1 200 OK"
2026-07-15 20:22:19 [INFO] httpx: HTTP Request: GET http://localhost:8001/ "HTTP/1.1 200 OK"
2026-07-15 20:22:24 [INFO] httpx: HTTP Request: GET http://localhost:8001/ "HTTP/1.1 200 OK"
2026-07-15 20:22:29 [INFO] httpx: HTTP Request: GET http://localhost:8001/ "HTTP/1.1 200 OK"
2026-07-15 20:22:34 [INFO] httpx: HTTP Request: GET http://localhost:8001/ "HTTP/1.1 200 OK"
2026-07-15 20:22:39 [INFO] httpx: HTTP Request: GET http://localhost:8001/ "HTTP/1.1 200 OK"
2026-07-15 20:22:44 [INFO] httpx: HTTP Request: GET http://localhost:8001/ "HTTP/1.1 200 OK"
2026-07-15 20:22:49 [INFO] httpx: HTTP Request: GET http://localhost:8001/ "HTTP/1.1 200 OK"
2026-07-15 20:22:54 [INFO] httpx: HTTP Request: GET http://localhost:8001/ "HTTP/1.1 200 OK"
2026-07-15 20:22:59 [INFO] httpx: HTTP Request: GET http://localhost:8001/ "HTTP/1.1 200 OK"
2026-07-15 20:23:04 [INFO] httpx: HTTP Request: GET http://localhost:8001/ "HTTP/1.1 200 OK"
2026-07-15 20:23:09 [INFO] httpx: HTTP Request: GET http://localhost:8001/ "HTTP/1.1 200 OK"
2026-07-15 20:23:14 [INFO] httpx: HTTP Request: GET http://localhost:8001/ "HTTP/1.1 200 OK"
2026-07-15 20:23:20 [INFO] httpx: HTTP Request: GET http://localhost:8001/ "HTTP/1.1 200 OK"
2026-07-15 20:23:25 [INFO] httpx: HTTP Request: GET http://localhost:8001/ "HTTP/1.1 200 OK"
2026-07-15 20:23:30 [INFO] httpx: HTTP Request: GET http://localhost:8001/ "HTTP/1.1 200 OK"
2026-07-15 20:23:35 [INFO] httpx: HTTP Request: GET http://localhost:8001/ "HTTP/1.1 200 OK"
2026-07-15 20:23:40 [INFO] httpx: HTTP Request: GET http://localhost:8001/ "HTTP/1.1 200 OK"
2026-07-15 20:23:45 [INFO] httpx: HTTP Request: GET http://localhost:8001/ "HTTP/1.1 200 OK"
2026-07-15 20:23:50 [INFO] httpx: HTTP Request: GET http://localhost:8001/ "HTTP/1.1 200 OK"
2026-07-15 20:23:55 [INFO] httpx: HTTP Request: GET http://localhost:8001/ "HTTP/1.1 200 OK"
2026-07-15 20:24:00 [INFO] httpx: HTTP Request: GET http://localhost:8001/ "HTTP/1.1 200 OK"
2026-07-15 20:24:05 [INFO] httpx: HTTP Request: GET http://localhost:8001/ "HTTP/1.1 200 OK"
2026-07-15 20:24:10 [INFO] httpx: HTTP Request: GET http://localhost:8001/ "HTTP/1.1 200 OK"
2026-07-15 20:24:15 [INFO] httpx: HTTP Request: GET http://localhost:8001/ "HTTP/1.1 200 OK"
2026-07-15 20:24:21 [INFO] httpx: HTTP Request: GET http://localhost:8001/ "HTTP/1.1 200 OK"
2026-07-15 20:24:58 [INFO] httpx: HTTP Request: GET http://localhost:8001/ "HTTP/1.1 200 OK"
2026-07-15 20:24:59 [INFO] httpx: HTTP Request: GET http://localhost:8001/ "HTTP/1.1 200 OK"
2026-07-15 20:25:04 [INFO] httpx: HTTP Request: GET http://localhost:8001/ "HTTP/1.1 200 OK"
2026-07-15 20:25:10 [INFO] httpx: HTTP Request: GET http://localhost:8001/ "HTTP/1.1 200 OK"
2026-07-15 20:25:15 [INFO] httpx: HTTP Request: GET http://localhost:8001/ "HTTP/1.1 200 OK"
2026-07-15 20:25:20 [INFO] httpx: HTTP Request: GET http://localhost:8001/ "HTTP/1.1 200 OK"
2026-07-15 20:25:25 [INFO] httpx: HTTP Request: GET http://localhost:8001/ "HTTP/1.1 200 OK"
2026-07-15 20:25:30 [INFO] httpx: HTTP Request: GET http://localhost:8001/ "HTTP/1.1 200 OK"
2026-07-15 20:25:35 [INFO] httpx: HTTP Request: GET http://localhost:8001/ "HTTP/1.1 200 OK"
2026-07-15 20:25:40 [INFO] httpx: HTTP Request: GET http://localhost:8001/ "HTTP/1.1 200 OK"
2026-07-15 20:25:45 [INFO] httpx: HTTP Request: GET http://localhost:8001/ "HTTP/1.1 200 OK"
2026-07-15 20:25:50 [INFO] httpx: HTTP Request: GET http://localhost:8001/ "HTTP/1.1 200 OK"
2026-07-15 20:25:55 [INFO] httpx: HTTP Request: GET http://localhost:8001/ "HTTP/1.1 200 OK"
2026-07-15 20:26:00 [INFO] httpx: HTTP Request: GET http://localhost:8001/ "HTTP/1.1 200 OK"
2026-07-15 20:26:05 [INFO] httpx: HTTP Request: GET http://localhost:8001/ "HTTP/1.1 200 OK"
2026-07-15 20:26:21 [INFO] httpx: HTTP Request: GET http://localhost:8001/ "HTTP/1.1 200 OK"
2026-07-15 20:27:21 [INFO] httpx: HTTP Request: GET http://localhost:8001/ "HTTP/1.1 200 OK"
2026-07-15 20:28:21 [INFO] httpx: HTTP Request: GET http://localhost:8001/ "HTTP/1.1 200 OK"
2026-07-15 20:29:03 [INFO] httpx: HTTP Request: GET http://localhost:8001/ "HTTP/1.1 200 OK"
2026-07-15 20:29:04 [INFO] httpx: HTTP Request: GET http://localhost:8001/ "HTTP/1.1 200 OK"
2026-07-15 20:29:09 [INFO] httpx: HTTP Request: GET http://localhost:8001/ "HTTP/1.1 200 OK"
2026-07-15 20:29:14 [INFO] httpx: HTTP Request: GET http://localhost:8001/ "HTTP/1.1 200 OK"
2026-07-15 20:29:19 [INFO] httpx: HTTP Request: GET http://localhost:8001/ "HTTP/1.1 200 OK"
2026-07-15 20:29:24 [INFO] httpx: HTTP Request: GET http://localhost:8001/ "HTTP/1.1 200 OK"
2026-07-15 20:29:29 [INFO] httpx: HTTP Request: GET http://localhost:8001/ "HTTP/1.1 200 OK"
2026-07-15 20:29:34 [INFO] httpx: HTTP Request: GET http://localhost:8001/ "HTTP/1.1 200 OK"
2026-07-15 20:29:39 [INFO] httpx: HTTP Request: GET http://localhost:8001/ "HTTP/1.1 200 OK"
2026-07-15 20:29:44 [INFO] httpx: HTTP Request: GET http://localhost:8001/ "HTTP/1.1 200 OK"
2026-07-15 20:29:49 [INFO] httpx: HTTP Request: GET http://localhost:8001/ "HTTP/1.1 200 OK"
2026-07-15 20:29:54 [INFO] httpx: HTTP Request: GET http://localhost:8001/ "HTTP/1.1 200 OK"
2026-07-15 20:29:59 [INFO] httpx: HTTP Request: GET http://localhost:8001/ "HTTP/1.1 200 OK"
2026-07-15 20:30:04 [INFO] httpx: HTTP Request: GET http://localhost:8001/ "HTTP/1.1 200 OK"
2026-07-15 20:30:09 [INFO] httpx: HTTP Request: GET http://localhost:8001/ "HTTP/1.1 200 OK"
2026-07-15 20:30:14 [INFO] httpx: HTTP Request: GET http://localhost:8001/ "HTTP/1.1 200 OK"
2026-07-15 20:30:19 [INFO] httpx: HTTP Request: GET http://localhost:8001/ "HTTP/1.1 200 OK"
2026-07-15 20:30:24 [INFO] httpx: HTTP Request: GET http://localhost:8001/ "HTTP/1.1 200 OK"
2026-07-15 20:30:29 [INFO] httpx: HTTP Request: GET http://localhost:8001/ "HTTP/1.1 200 OK"
2026-07-15 20:30:34 [INFO] httpx: HTTP Request: GET http://localhost:8001/ "HTTP/1.1 200 OK"
2026-07-15 20:30:39 [INFO] httpx: HTTP Request: GET http://localhost:8001/ "HTTP/1.1 200 OK"
2026-07-15 20:30:44 [INFO] httpx: HTTP Request: GET http://localhost:8001/ "HTTP/1.1 200 OK"
2026-07-15 20:30:49 [INFO] httpx: HTTP Request: GET http://localhost:8001/ "HTTP/1.1 200 OK"
2026-07-15 20:30:54 [INFO] httpx: HTTP Request: GET http://localhost:8001/ "HTTP/1.1 200 OK"
2026-07-15 20:30:59 [INFO] httpx: HTTP Request: GET http://localhost:8001/ "HTTP/1.1 200 OK"
2026-07-15 20:31:04 [INFO] httpx: HTTP Request: GET http://localhost:8001/ "HTTP/1.1 200 OK"
2026-07-15 20:31:09 [INFO] httpx: HTTP Request: GET http://localhost:8001/ "HTTP/1.1 200 OK"
2026-07-15 20:31:14 [INFO] httpx: HTTP Request: GET http://localhost:8001/ "HTTP/1.1 200 OK"
2026-07-15 20:31:19 [INFO] httpx: HTTP Request: GET http://localhost:8001/ "HTTP/1.1 200 OK"
2026-07-15 20:36:30 [INFO] httpx: HTTP Request: GET http://localhost:8001/ "HTTP/1.1 200 OK"
2026-07-15 20:37:57 [INFO] httpx: HTTP Request: GET http://localhost:8001/ "HTTP/1.1 200 OK"
2026-07-15 20:38:02 [INFO] httpx: HTTP Request: GET http://localhost:8001/ "HTTP/1.1 200 OK"
2026-07-15 20:40:11 [INFO] httpx: HTTP Request: GET http://localhost:8001/ "HTTP/1.1 200 OK"
2026-07-15 20:40:16 [INFO] httpx: HTTP Request: GET http://localhost:8001/ "HTTP/1.1 200 OK"
2026-07-15 20:55:22 [INFO] httpx: HTTP Request: GET http://localhost:8001/ "HTTP/1.1 200 OK"
2026-07-15 21:12:46 [INFO] httpx: HTTP Request: GET http://localhost:8001/ "HTTP/1.1 200 OK"
2026-07-15 21:28:43 [INFO] httpx: HTTP Request: GET http://localhost:8001/ "HTTP/1.1 200 OK"
2026-07-15 21:28:48 [INFO] httpx: HTTP Request: GET http://localhost:8001/ "HTTP/1.1 200 OK"
2026-07-15 21:28:53 [INFO] httpx: HTTP Request: GET http://localhost:8001/ "HTTP/1.1 200 OK"
2026-07-15 21:28:58 [INFO] httpx: HTTP Request: GET http://localhost:8001/ "HTTP/1.1 200 OK"
2026-07-15 21:29:03 [INFO] httpx: HTTP Request: GET http://localhost:8001/ "HTTP/1.1 200 OK"
2026-07-15 21:29:08 [INFO] httpx: HTTP Request: GET http://localhost:8001/ "HTTP/1.1 200 OK"
2026-07-15 21:30:04 [INFO] httpx: HTTP Request: GET http://localhost:8001/ "HTTP/1.1 200 OK"
2026-07-15 22:18:10 [INFO] httpx: HTTP Request: GET http://localhost:8001/ "HTTP/1.1 200 OK"
2026-07-15 23:48:37 [INFO] httpx: HTTP Request: GET http://localhost:8001/ "HTTP/1.1 200 OK"
2026-07-16 00:41:04 [INFO] httpx: HTTP Request: GET http://localhost:8001/ "HTTP/1.1 200 OK"
2026-07-16 03:15:44 [INFO] httpx: HTTP Request: GET http://localhost:8001/ "HTTP/1.1 200 OK"
2026-07-16 05:15:43 [INFO] httpx: HTTP Request: GET http://localhost:8001/ "HTTP/1.1 200 OK"
2026-07-16 05:16:43 [INFO] httpx: HTTP Request: GET http://localhost:8001/ "HTTP/1.1 200 OK"
2026-07-16 05:34:07 [INFO] httpx: HTTP Request: GET http://localhost:8001/ "HTTP/1.1 200 OK"
2026-07-16 07:16:38 [INFO] httpx: HTTP Request: GET http://localhost:8001/ "HTTP/1.1 200 OK"
2026-07-16 08:06:21 [INFO] httpx: HTTP Request: GET http://localhost:8001/ "HTTP/1.1 200 OK"
2026-07-16 08:11:03 [INFO] httpx: HTTP Request: GET http://localhost:8001/ "HTTP/1.1 200 OK"
2026-07-16 08:48:51 [INFO] httpx: HTTP Request: GET http://localhost:8001/ "HTTP/1.1 200 OK"
2026-07-16 08:54:28 [INFO] httpx: HTTP Request: GET http://localhost:8001/ "HTTP/1.1 200 OK"
2026-07-16 09:49:46 [INFO] httpx: HTTP Request: GET http://localhost:8001/ "HTTP/1.1 200 OK"
2026-07-16 11:51:42 [INFO] httpx: HTTP Request: GET http://localhost:8001/ "HTTP/1.1 200 OK"
2026-07-16 12:03:12 [INFO] httpx: HTTP Request: GET http://localhost:8001/ "HTTP/1.1 200 OK"
2026-07-16 12:04:55 [INFO] httpx: HTTP Request: GET http://localhost:8001/ "HTTP/1.1 200 OK"
2026-07-16 12:10:53 [INFO] httpx: HTTP Request: GET http://localhost:8001/ "HTTP/1.1 200 OK"
2026-07-16 13:47:13 [INFO] owl-street-view: Initializing Owl Street View Trading Dashboard...
2026-07-16 13:47:13 [INFO] owl-street-view: Starting dashboard server at http://0.0.0.0:8080...
2026-07-16 13:47:14 [INFO] src.web: Serving frontend static build from: /Users/sandy/Documents/openowls/owls-street/owl-street-view/frontend/build
2026-07-16 13:47:14 [INFO] src.web: AlpacaService initialized in web app.
2026-07-16 13:47:14 [INFO] src.web: Loaded config from 'config/config.yaml' and initialized Alpaca Service.
2026-07-16 13:54:38 [INFO] httpx: HTTP Request: GET http://localhost:8001/ "HTTP/1.1 200 OK"
2026-07-16 13:55:18 [INFO] httpx: HTTP Request: GET http://localhost:8001/ "HTTP/1.1 200 OK"
2026-07-16 14:02:57 [INFO] httpx: HTTP Request: GET http://localhost:8001/ "HTTP/1.1 200 OK"
2026-07-16 14:07:04 [INFO] owl-street-view: Initializing Owl Street View Trading Dashboard...
2026-07-16 14:07:04 [INFO] owl-street-view: Starting dashboard server at http://0.0.0.0:8080...
2026-07-16 14:07:05 [INFO] src.web: Serving frontend static build from: /Users/sandy/Documents/openowls/owls-street/owl-street-view/frontend/build
2026-07-16 14:07:05 [INFO] src.web: AlpacaService initialized in web app.
2026-07-16 14:07:05 [INFO] src.web: Loaded config from 'config/config.yaml' and initialized Alpaca Service.
2026-07-16 14:07:15 [INFO] owl-street-view: Initializing Owl Street View Trading Dashboard...
2026-07-16 14:07:15 [INFO] owl-street-view: Starting dashboard server at http://0.0.0.0:8080...
2026-07-16 14:07:15 [INFO] src.web: Serving frontend static build from: /Users/sandy/Documents/openowls/owls-street/owl-street-view/frontend/build
2026-07-16 14:07:15 [INFO] src.web: AlpacaService initialized in web app.
2026-07-16 14:07:15 [INFO] src.web: Loaded config from 'config/config.yaml' and initialized Alpaca Service.
2026-07-16 14:08:19 [INFO] httpx: HTTP Request: GET http://localhost:8001/ "HTTP/1.1 200 OK"
2026-07-16 14:08:28 [INFO] httpx: HTTP Request: GET http://localhost:8001/ "HTTP/1.1 200 OK"
2026-07-16 14:08:29 [INFO] httpx: HTTP Request: GET http://localhost:8001/ "HTTP/1.1 200 OK"
2026-07-16 14:08:34 [INFO] httpx: HTTP Request: GET http://localhost:8001/ "HTTP/1.1 200 OK"
2026-07-16 14:08:47 [INFO] httpx: HTTP Request: GET http://localhost:8001/ "HTTP/1.1 200 OK"
2026-07-16 14:08:52 [INFO] httpx: HTTP Request: GET http://localhost:8001/ "HTTP/1.1 200 OK"
2026-07-16 14:08:58 [INFO] httpx: HTTP Request: GET http://localhost:8001/ "HTTP/1.1 200 OK"
2026-07-16 14:09:03 [INFO] httpx: HTTP Request: GET http://localhost:8001/ "HTTP/1.1 200 OK"
2026-07-16 14:09:08 [INFO] httpx: HTTP Request: GET http://localhost:8001/ "HTTP/1.1 200 OK"
2026-07-16 14:09:13 [INFO] httpx: HTTP Request: GET http://localhost:8001/ "HTTP/1.1 200 OK"
2026-07-16 14:09:18 [INFO] httpx: HTTP Request: GET http://localhost:8001/ "HTTP/1.1 200 OK"
2026-07-16 14:09:23 [INFO] httpx: HTTP Request: GET http://localhost:8001/ "HTTP/1.1 200 OK"
2026-07-16 14:09:28 [INFO] httpx: HTTP Request: GET http://localhost:8001/ "HTTP/1.1 200 OK"
2026-07-16 14:09:33 [INFO] httpx: HTTP Request: GET http://localhost:8001/ "HTTP/1.1 200 OK"
2026-07-16 14:09:38 [INFO] httpx: HTTP Request: GET http://localhost:8001/ "HTTP/1.1 200 OK"
2026-07-16 14:09:43 [INFO] httpx: HTTP Request: GET http://localhost:8001/ "HTTP/1.1 200 OK"
2026-07-16 14:09:48 [INFO] httpx: HTTP Request: GET http://localhost:8001/ "HTTP/1.1 200 OK"
2026-07-16 14:09:53 [INFO] httpx: HTTP Request: GET http://localhost:8001/ "HTTP/1.1 200 OK"
2026-07-16 14:10:48 [INFO] httpx: HTTP Request: GET http://localhost:8001/ "HTTP/1.1 200 OK"
2026-07-16 14:11:48 [INFO] httpx: HTTP Request: GET http://localhost:8001/ "HTTP/1.1 200 OK"
2026-07-16 14:11:53 [INFO] httpx: HTTP Request: GET http://localhost:8001/ "HTTP/1.1 200 OK"
2026-07-16 14:11:57 [INFO] httpx: HTTP Request: GET http://localhost:8001/ "HTTP/1.1 200 OK"
2026-07-16 14:12:02 [INFO] httpx: HTTP Request: GET http://localhost:8001/ "HTTP/1.1 200 OK"
2026-07-16 14:12:07 [INFO] httpx: HTTP Request: GET http://localhost:8001/ "HTTP/1.1 200 OK"
2026-07-16 14:12:13 [INFO] httpx: HTTP Request: GET http://localhost:8001/ "HTTP/1.1 200 OK"
2026-07-16 14:12:18 [INFO] httpx: HTTP Request: GET http://localhost:8001/ "HTTP/1.1 200 OK"
2026-07-16 14:12:23 [INFO] httpx: HTTP Request: GET http://localhost:8001/ "HTTP/1.1 200 OK"
2026-07-16 14:12:28 [INFO] httpx: HTTP Request: GET http://localhost:8001/ "HTTP/1.1 200 OK"
2026-07-16 14:12:33 [INFO] httpx: HTTP Request: GET http://localhost:8001/ "HTTP/1.1 200 OK"
2026-07-16 14:12:38 [INFO] httpx: HTTP Request: GET http://localhost:8001/ "HTTP/1.1 200 OK"
2026-07-16 14:12:43 [INFO] httpx: HTTP Request: GET http://localhost:8001/ "HTTP/1.1 200 OK"
2026-07-16 14:12:48 [INFO] httpx: HTTP Request: GET http://localhost:8001/ "HTTP/1.1 200 OK"
2026-07-16 14:12:53 [INFO] httpx: HTTP Request: GET http://localhost:8001/ "HTTP/1.1 200 OK"
2026-07-16 14:12:58 [INFO] httpx: HTTP Request: GET http://localhost:8001/ "HTTP/1.1 200 OK"
2026-07-16 14:13:03 [INFO] httpx: HTTP Request: GET http://localhost:8001/ "HTTP/1.1 200 OK"
2026-07-16 14:13:08 [INFO] httpx: HTTP Request: GET http://localhost:8001/ "HTTP/1.1 200 OK"
2026-07-16 14:13:40 [INFO] httpx: HTTP Request: GET http://localhost:8001/ "HTTP/1.1 200 OK"
2026-07-16 14:13:42 [INFO] httpx: HTTP Request: GET http://localhost:8001/ "HTTP/1.1 200 OK"
2026-07-16 14:13:48 [INFO] httpx: HTTP Request: GET http://localhost:8001/ "HTTP/1.1 200 OK"
2026-07-16 14:13:52 [INFO] httpx: HTTP Request: GET http://localhost:8001/ "HTTP/1.1 200 OK"
2026-07-16 14:13:57 [INFO] httpx: HTTP Request: GET http://localhost:8001/ "HTTP/1.1 200 OK"
2026-07-16 14:14:02 [INFO] httpx: HTTP Request: GET http://localhost:8001/ "HTTP/1.1 200 OK"
2026-07-16 14:14:07 [INFO] httpx: HTTP Request: GET http://localhost:8001/ "HTTP/1.1 200 OK"
2026-07-16 14:14:12 [INFO] httpx: HTTP Request: GET http://localhost:8001/ "HTTP/1.1 200 OK"
2026-07-16 14:14:17 [INFO] httpx: HTTP Request: GET http://localhost:8001/ "HTTP/1.1 200 OK"
2026-07-16 14:14:22 [INFO] httpx: HTTP Request: GET http://localhost:8001/ "HTTP/1.1 200 OK"
2026-07-16 14:14:27 [INFO] httpx: HTTP Request: GET http://localhost:8001/ "HTTP/1.1 200 OK"
2026-07-16 14:14:32 [INFO] httpx: HTTP Request: GET http://localhost:8001/ "HTTP/1.1 200 OK"
2026-07-16 14:14:38 [INFO] httpx: HTTP Request: GET http://localhost:8001/ "HTTP/1.1 200 OK"
2026-07-16 14:14:42 [INFO] httpx: HTTP Request: GET http://localhost:8001/ "HTTP/1.1 200 OK"
2026-07-16 14:14:47 [INFO] httpx: HTTP Request: GET http://localhost:8001/ "HTTP/1.1 200 OK"
2026-07-16 14:14:52 [INFO] httpx: HTTP Request: GET http://localhost:8001/ "HTTP/1.1 200 OK"
2026-07-16 14:22:09 [INFO] owl-street-view: Initializing Owl Street View Trading Dashboard...
2026-07-16 14:22:09 [INFO] owl-street-view: Starting dashboard server at http://0.0.0.0:8080...
2026-07-16 14:22:09 [INFO] src.web: Serving frontend static build from: /Users/sandy/Documents/openowls/owls-street/owl-street-view/frontend/build
2026-07-16 14:22:09 [INFO] src.web: AlpacaService initialized in web app.
2026-07-16 14:22:09 [INFO] src.web: Loaded config from 'config/config.yaml' and initialized Alpaca Service.
2026-07-16 15:04:15 [INFO] httpx: HTTP Request: GET http://localhost:8001/ "HTTP/1.1 200 OK"
2026-07-16 15:04:21 [INFO] httpx: HTTP Request: GET http://localhost:8001/ "HTTP/1.1 200 OK"
2026-07-16 15:04:25 [INFO] httpx: HTTP Request: GET http://localhost:8001/ "HTTP/1.1 200 OK"
2026-07-16 15:04:29 [INFO] httpx: HTTP Request: GET http://localhost:8001/ "HTTP/1.1 200 OK"
2026-07-16 15:04:30 [INFO] httpx: HTTP Request: GET http://localhost:8001/ "HTTP/1.1 200 OK"
2026-07-16 15:04:35 [INFO] httpx: HTTP Request: GET http://localhost:8001/ "HTTP/1.1 200 OK"
2026-07-16 15:04:41 [INFO] httpx: HTTP Request: GET http://localhost:8001/ "HTTP/1.1 200 OK"
2026-07-16 15:04:46 [INFO] httpx: HTTP Request: GET http://localhost:8001/ "HTTP/1.1 200 OK"
2026-07-16 15:04:51 [INFO] httpx: HTTP Request: GET http://localhost:8001/ "HTTP/1.1 200 OK"
2026-07-16 15:04:56 [INFO] httpx: HTTP Request: GET http://localhost:8001/ "HTTP/1.1 200 OK"
2026-07-16 15:05:00 [INFO] httpx: HTTP Request: GET http://localhost:8001/ "HTTP/1.1 200 OK"
2026-07-16 15:05:05 [INFO] httpx: HTTP Request: GET http://localhost:8001/ "HTTP/1.1 200 OK"
2026-07-16 15:05:11 [INFO] httpx: HTTP Request: GET http://localhost:8001/ "HTTP/1.1 200 OK"
2026-07-16 15:05:16 [INFO] httpx: HTTP Request: GET http://localhost:8001/ "HTTP/1.1 200 OK"
2026-07-16 15:05:20 [INFO] httpx: HTTP Request: GET http://localhost:8001/ "HTTP/1.1 200 OK"
2026-07-16 15:05:25 [INFO] httpx: HTTP Request: GET http://localhost:8001/ "HTTP/1.1 200 OK"
2026-07-16 15:05:31 [INFO] httpx: HTTP Request: GET http://localhost:8001/ "HTTP/1.1 200 OK"
2026-07-16 15:05:36 [INFO] httpx: HTTP Request: GET http://localhost:8001/ "HTTP/1.1 200 OK"
2026-07-16 15:05:41 [INFO] httpx: HTTP Request: GET http://localhost:8001/ "HTTP/1.1 200 OK"
2026-07-16 15:05:46 [INFO] httpx: HTTP Request: GET http://localhost:8001/ "HTTP/1.1 200 OK"
2026-07-16 15:05:51 [INFO] httpx: HTTP Request: GET http://localhost:8001/ "HTTP/1.1 200 OK"
2026-07-16 15:05:56 [INFO] httpx: HTTP Request: GET http://localhost:8001/ "HTTP/1.1 200 OK"
2026-07-16 15:06:01 [INFO] httpx: HTTP Request: GET http://localhost:8001/ "HTTP/1.1 200 OK"
2026-07-16 15:06:06 [INFO] httpx: HTTP Request: GET http://localhost:8001/ "HTTP/1.1 200 OK"
2026-07-16 15:06:11 [INFO] httpx: HTTP Request: GET http://localhost:8001/ "HTTP/1.1 200 OK"
2026-07-16 15:06:16 [INFO] httpx: HTTP Request: GET http://localhost:8001/ "HTTP/1.1 200 OK"
2026-07-16 15:06:21 [INFO] httpx: HTTP Request: GET http://localhost:8001/ "HTTP/1.1 200 OK"
2026-07-16 15:06:26 [INFO] httpx: HTTP Request: GET http://localhost:8001/ "HTTP/1.1 200 OK"
2026-07-16 15:06:46 [INFO] httpx: HTTP Request: GET http://localhost:8001/ "HTTP/1.1 200 OK"
2026-07-16 15:06:51 [INFO] httpx: HTTP Request: GET http://localhost:8001/ "HTTP/1.1 200 OK"
2026-07-16 15:06:55 [INFO] httpx: HTTP Request: GET http://localhost:8001/ "HTTP/1.1 200 OK"
2026-07-16 15:07:00 [INFO] httpx: HTTP Request: GET http://localhost:8001/ "HTTP/1.1 200 OK"
2026-07-16 15:07:05 [INFO] httpx: HTTP Request: GET http://localhost:8001/ "HTTP/1.1 200 OK"
2026-07-16 15:07:10 [INFO] httpx: HTTP Request: GET http://localhost:8001/ "HTTP/1.1 200 OK"
2026-07-16 15:07:15 [INFO] httpx: HTTP Request: GET http://localhost:8001/ "HTTP/1.1 200 OK"
2026-07-16 15:07:20 [INFO] httpx: HTTP Request: GET http://localhost:8001/ "HTTP/1.1 200 OK"
2026-07-16 15:07:25 [INFO] httpx: HTTP Request: GET http://localhost:8001/ "HTTP/1.1 200 OK"
2026-07-16 15:07:30 [INFO] httpx: HTTP Request: GET http://localhost:8001/ "HTTP/1.1 200 OK"
2026-07-16 15:07:35 [INFO] httpx: HTTP Request: GET http://localhost:8001/ "HTTP/1.1 200 OK"
2026-07-16 15:07:40 [INFO] httpx: HTTP Request: GET http://localhost:8001/ "HTTP/1.1 200 OK"
2026-07-16 15:07:45 [INFO] httpx: HTTP Request: GET http://localhost:8001/ "HTTP/1.1 200 OK"
2026-07-16 15:07:50 [INFO] httpx: HTTP Request: GET http://localhost:8001/ "HTTP/1.1 200 OK"
2026-07-16 15:07:55 [INFO] httpx: HTTP Request: GET http://localhost:8001/ "HTTP/1.1 200 OK"
2026-07-16 15:08:00 [INFO] httpx: HTTP Request: GET http://localhost:8001/ "HTTP/1.1 200 OK"
2026-07-16 15:08:06 [INFO] httpx: HTTP Request: GET http://localhost:8001/ "HTTP/1.1 200 OK"
2026-07-16 15:08:11 [INFO] httpx: HTTP Request: GET http://localhost:8001/ "HTTP/1.1 200 OK"
2026-07-16 15:08:16 [INFO] httpx: HTTP Request: GET http://localhost:8001/ "HTTP/1.1 200 OK"
2026-07-16 15:08:21 [INFO] httpx: HTTP Request: GET http://localhost:8001/ "HTTP/1.1 200 OK"
2026-07-16 15:08:26 [INFO] httpx: HTTP Request: GET http://localhost:8001/ "HTTP/1.1 200 OK"
2026-07-16 15:08:31 [INFO] httpx: HTTP Request: GET http://localhost:8001/ "HTTP/1.1 200 OK"
2026-07-16 15:08:36 [INFO] httpx: HTTP Request: GET http://localhost:8001/ "HTTP/1.1 200 OK"
2026-07-16 15:08:41 [INFO] httpx: HTTP Request: GET http://localhost:8001/ "HTTP/1.1 200 OK"
2026-07-16 15:08:46 [INFO] httpx: HTTP Request: GET http://localhost:8001/ "HTTP/1.1 200 OK"
2026-07-16 15:08:51 [INFO] httpx: HTTP Request: GET http://localhost:8001/ "HTTP/1.1 200 OK"
2026-07-16 15:08:56 [INFO] httpx: HTTP Request: GET http://localhost:8001/ "HTTP/1.1 200 OK"
2026-07-16 15:09:48 [INFO] httpx: HTTP Request: GET http://localhost:8001/ "HTTP/1.1 200 OK"
2026-07-16 15:10:48 [INFO] httpx: HTTP Request: GET http://localhost:8001/ "HTTP/1.1 200 OK"
2026-07-16 15:11:48 [INFO] httpx: HTTP Request: GET http://localhost:8001/ "HTTP/1.1 200 OK"
2026-07-16 15:12:48 [INFO] httpx: HTTP Request: GET http://localhost:8001/ "HTTP/1.1 200 OK"
2026-07-16 15:13:48 [INFO] httpx: HTTP Request: GET http://localhost:8001/ "HTTP/1.1 200 OK"
2026-07-16 15:14:48 [INFO] httpx: HTTP Request: GET http://localhost:8001/ "HTTP/1.1 200 OK"
2026-07-16 15:15:48 [INFO] httpx: HTTP Request: GET http://localhost:8001/ "HTTP/1.1 200 OK"
2026-07-16 15:16:48 [INFO] httpx: HTTP Request: GET http://localhost:8001/ "HTTP/1.1 200 OK"
2026-07-16 15:17:48 [INFO] httpx: HTTP Request: GET http://localhost:8001/ "HTTP/1.1 200 OK"
2026-07-16 15:18:48 [INFO] httpx: HTTP Request: GET http://localhost:8001/ "HTTP/1.1 200 OK"
2026-07-16 15:19:48 [INFO] httpx: HTTP Request: GET http://localhost:8001/ "HTTP/1.1 200 OK"
2026-07-16 15:20:48 [INFO] httpx: HTTP Request: GET http://localhost:8001/ "HTTP/1.1 200 OK"
2026-07-16 15:21:48 [INFO] httpx: HTTP Request: GET http://localhost:8001/ "HTTP/1.1 200 OK"
2026-07-16 15:22:48 [INFO] httpx: HTTP Request: GET http://localhost:8001/ "HTTP/1.1 200 OK"
2026-07-16 15:23:48 [INFO] httpx: HTTP Request: GET http://localhost:8001/ "HTTP/1.1 200 OK"
2026-07-16 15:24:48 [INFO] httpx: HTTP Request: GET http://localhost:8001/ "HTTP/1.1 200 OK"
2026-07-16 15:25:48 [INFO] httpx: HTTP Request: GET http://localhost:8001/ "HTTP/1.1 200 OK"
2026-07-16 15:26:48 [INFO] httpx: HTTP Request: GET http://localhost:8001/ "HTTP/1.1 200 OK"
2026-07-16 15:27:48 [INFO] httpx: HTTP Request: GET http://localhost:8001/ "HTTP/1.1 200 OK"
2026-07-16 15:28:48 [INFO] httpx: HTTP Request: GET http://localhost:8001/ "HTTP/1.1 200 OK"
2026-07-16 15:29:48 [INFO] httpx: HTTP Request: GET http://localhost:8001/ "HTTP/1.1 200 OK"
2026-07-16 15:30:48 [INFO] httpx: HTTP Request: GET http://localhost:8001/ "HTTP/1.1 200 OK"
2026-07-16 15:31:48 [INFO] httpx: HTTP Request: GET http://localhost:8001/ "HTTP/1.1 200 OK"
2026-07-16 15:32:48 [INFO] httpx: HTTP Request: GET http://localhost:8001/ "HTTP/1.1 200 OK"
2026-07-16 15:33:48 [INFO] httpx: HTTP Request: GET http://localhost:8001/ "HTTP/1.1 200 OK"
2026-07-16 15:34:48 [INFO] httpx: HTTP Request: GET http://localhost:8001/ "HTTP/1.1 200 OK"
2026-07-16 15:35:48 [INFO] httpx: HTTP Request: GET http://localhost:8001/ "HTTP/1.1 200 OK"
2026-07-16 15:36:48 [INFO] httpx: HTTP Request: GET http://localhost:8001/ "HTTP/1.1 200 OK"
2026-07-16 15:37:48 [INFO] httpx: HTTP Request: GET http://localhost:8001/ "HTTP/1.1 200 OK"
2026-07-16 15:38:48 [INFO] httpx: HTTP Request: GET http://localhost:8001/ "HTTP/1.1 200 OK"
2026-07-16 15:39:48 [INFO] httpx: HTTP Request: GET http://localhost:8001/ "HTTP/1.1 200 OK"
2026-07-16 15:40:48 [INFO] httpx: HTTP Request: GET http://localhost:8001/ "HTTP/1.1 200 OK"
2026-07-16 15:41:48 [INFO] httpx: HTTP Request: GET http://localhost:8001/ "HTTP/1.1 200 OK"
2026-07-16 15:42:48 [INFO] httpx: HTTP Request: GET http://localhost:8001/ "HTTP/1.1 200 OK"
2026-07-16 15:43:48 [INFO] httpx: HTTP Request: GET http://localhost:8001/ "HTTP/1.1 200 OK"
2026-07-16 15:44:48 [INFO] httpx: HTTP Request: GET http://localhost:8001/ "HTTP/1.1 200 OK"
2026-07-16 15:45:48 [INFO] httpx: HTTP Request: GET http://localhost:8001/ "HTTP/1.1 200 OK"
2026-07-16 15:46:48 [INFO] httpx: HTTP Request: GET http://localhost:8001/ "HTTP/1.1 200 OK"
2026-07-16 15:47:48 [INFO] httpx: HTTP Request: GET http://localhost:8001/ "HTTP/1.1 200 OK"
2026-07-16 15:48:48 [INFO] httpx: HTTP Request: GET http://localhost:8001/ "HTTP/1.1 200 OK"
2026-07-16 15:49:48 [INFO] httpx: HTTP Request: GET http://localhost:8001/ "HTTP/1.1 200 OK"
2026-07-16 15:50:48 [INFO] httpx: HTTP Request: GET http://localhost:8001/ "HTTP/1.1 200 OK"
2026-07-16 15:51:48 [INFO] httpx: HTTP Request: GET http://localhost:8001/ "HTTP/1.1 200 OK"
2026-07-16 15:52:48 [INFO] httpx: HTTP Request: GET http://localhost:8001/ "HTTP/1.1 200 OK"
2026-07-16 15:53:48 [INFO] httpx: HTTP Request: GET http://localhost:8001/ "HTTP/1.1 200 OK"
2026-07-16 15:54:48 [INFO] httpx: HTTP Request: GET http://localhost:8001/ "HTTP/1.1 200 OK"
2026-07-16 15:55:48 [INFO] httpx: HTTP Request: GET http://localhost:8001/ "HTTP/1.1 200 OK"
2026-07-16 15:56:48 [INFO] httpx: HTTP Request: GET http://localhost:8001/ "HTTP/1.1 200 OK"
2026-07-16 15:57:48 [INFO] httpx: HTTP Request: GET http://localhost:8001/ "HTTP/1.1 200 OK"
2026-07-16 15:58:48 [INFO] httpx: HTTP Request: GET http://localhost:8001/ "HTTP/1.1 200 OK"
2026-07-16 15:59:48 [INFO] httpx: HTTP Request: GET http://localhost:8001/ "HTTP/1.1 200 OK"
2026-07-16 16:00:48 [INFO] httpx: HTTP Request: GET http://localhost:8001/ "HTTP/1.1 200 OK"
2026-07-16 16:01:48 [INFO] httpx: HTTP Request: GET http://localhost:8001/ "HTTP/1.1 200 OK"
2026-07-16 16:02:48 [INFO] httpx: HTTP Request: GET http://localhost:8001/ "HTTP/1.1 200 OK"
2026-07-16 16:03:48 [INFO] httpx: HTTP Request: GET http://localhost:8001/ "HTTP/1.1 200 OK"
2026-07-16 16:04:48 [INFO] httpx: HTTP Request: GET http://localhost:8001/ "HTTP/1.1 200 OK"
2026-07-16 16:05:48 [INFO] httpx: HTTP Request: GET http://localhost:8001/ "HTTP/1.1 200 OK"
2026-07-16 16:07:28 [INFO] httpx: HTTP Request: GET http://localhost:8001/ "HTTP/1.1 200 OK"
2026-07-16 16:08:28 [INFO] httpx: HTTP Request: GET http://localhost:8001/ "HTTP/1.1 200 OK"
2026-07-16 16:09:28 [INFO] httpx: HTTP Request: GET http://localhost:8001/ "HTTP/1.1 200 OK"
2026-07-16 16:10:28 [INFO] httpx: HTTP Request: GET http://localhost:8001/ "HTTP/1.1 200 OK"
2026-07-16 16:11:28 [INFO] httpx: HTTP Request: GET http://localhost:8001/ "HTTP/1.1 200 OK"
2026-07-16 16:12:28 [INFO] httpx: HTTP Request: GET http://localhost:8001/ "HTTP/1.1 200 OK"
2026-07-16 16:13:28 [INFO] httpx: HTTP Request: GET http://localhost:8001/ "HTTP/1.1 200 OK"
2026-07-16 16:14:28 [INFO] httpx: HTTP Request: GET http://localhost:8001/ "HTTP/1.1 200 OK"
2026-07-16 16:15:28 [INFO] httpx: HTTP Request: GET http://localhost:8001/ "HTTP/1.1 200 OK"
2026-07-16 16:16:28 [INFO] httpx: HTTP Request: GET http://localhost:8001/ "HTTP/1.1 200 OK"
2026-07-16 16:17:28 [INFO] httpx: HTTP Request: GET http://localhost:8001/ "HTTP/1.1 200 OK"
2026-07-16 16:18:28 [INFO] httpx: HTTP Request: GET http://localhost:8001/ "HTTP/1.1 200 OK"
2026-07-16 16:19:28 [INFO] httpx: HTTP Request: GET http://localhost:8001/ "HTTP/1.1 200 OK"
2026-07-16 16:20:28 [INFO] httpx: HTTP Request: GET http://localhost:8001/ "HTTP/1.1 200 OK"
2026-07-16 16:21:28 [INFO] httpx: HTTP Request: GET http://localhost:8001/ "HTTP/1.1 200 OK"
2026-07-16 16:22:28 [INFO] httpx: HTTP Request: GET http://localhost:8001/ "HTTP/1.1 200 OK"
2026-07-16 16:23:28 [INFO] httpx: HTTP Request: GET http://localhost:8001/ "HTTP/1.1 200 OK"
2026-07-16 16:24:28 [INFO] httpx: HTTP Request: GET http://localhost:8001/ "HTTP/1.1 200 OK"
2026-07-16 16:25:28 [INFO] httpx: HTTP Request: GET http://localhost:8001/ "HTTP/1.1 200 OK"
2026-07-16 16:26:28 [INFO] httpx: HTTP Request: GET http://localhost:8001/ "HTTP/1.1 200 OK"
2026-07-16 16:27:28 [INFO] httpx: HTTP Request: GET http://localhost:8001/ "HTTP/1.1 200 OK"
2026-07-16 16:28:28 [INFO] httpx: HTTP Request: GET http://localhost:8001/ "HTTP/1.1 200 OK"
2026-07-16 16:29:28 [INFO] httpx: HTTP Request: GET http://localhost:8001/ "HTTP/1.1 200 OK"
2026-07-16 16:30:28 [INFO] httpx: HTTP Request: GET http://localhost:8001/ "HTTP/1.1 200 OK"
2026-07-16 16:31:28 [INFO] httpx: HTTP Request: GET http://localhost:8001/ "HTTP/1.1 200 OK"
2026-07-16 16:32:28 [INFO] httpx: HTTP Request: GET http://localhost:8001/ "HTTP/1.1 200 OK"
2026-07-16 16:33:28 [INFO] httpx: HTTP Request: GET http://localhost:8001/ "HTTP/1.1 200 OK"
2026-07-16 16:34:28 [INFO] httpx: HTTP Request: GET http://localhost:8001/ "HTTP/1.1 200 OK"
2026-07-16 16:35:28 [INFO] httpx: HTTP Request: GET http://localhost:8001/ "HTTP/1.1 200 OK"
2026-07-16 16:36:28 [INFO] httpx: HTTP Request: GET http://localhost:8001/ "HTTP/1.1 200 OK"
2026-07-16 16:37:28 [INFO] httpx: HTTP Request: GET http://localhost:8001/ "HTTP/1.1 200 OK"
2026-07-16 16:38:28 [INFO] httpx: HTTP Request: GET http://localhost:8001/ "HTTP/1.1 200 OK"
2026-07-16 16:39:28 [INFO] httpx: HTTP Request: GET http://localhost:8001/ "HTTP/1.1 200 OK"
2026-07-16 16:40:28 [INFO] httpx: HTTP Request: GET http://localhost:8001/ "HTTP/1.1 200 OK"
2026-07-16 16:41:28 [INFO] httpx: HTTP Request: GET http://localhost:8001/ "HTTP/1.1 200 OK"
2026-07-16 16:42:28 [INFO] httpx: HTTP Request: GET http://localhost:8001/ "HTTP/1.1 200 OK"
2026-07-16 16:43:28 [INFO] httpx: HTTP Request: GET http://localhost:8001/ "HTTP/1.1 200 OK"
2026-07-16 16:44:28 [INFO] httpx: HTTP Request: GET http://localhost:8001/ "HTTP/1.1 200 OK"
2026-07-16 16:45:28 [INFO] httpx: HTTP Request: GET http://localhost:8001/ "HTTP/1.1 200 OK"
2026-07-16 16:46:28 [INFO] httpx: HTTP Request: GET http://localhost:8001/ "HTTP/1.1 200 OK"
2026-07-16 16:47:28 [INFO] httpx: HTTP Request: GET http://localhost:8001/ "HTTP/1.1 200 OK"
2026-07-16 16:48:28 [INFO] httpx: HTTP Request: GET http://localhost:8001/ "HTTP/1.1 200 OK"
2026-07-16 16:49:28 [INFO] httpx: HTTP Request: GET http://localhost:8001/ "HTTP/1.1 200 OK"
2026-07-16 16:50:28 [INFO] httpx: HTTP Request: GET http://localhost:8001/ "HTTP/1.1 200 OK"
2026-07-16 18:20:04 [INFO] httpx: HTTP Request: GET http://localhost:8001/ "HTTP/1.1 200 OK"
2026-07-16 18:51:30 [INFO] httpx: HTTP Request: GET http://localhost:8001/ "HTTP/1.1 200 OK"
2026-07-16 18:52:30 [INFO] httpx: HTTP Request: GET http://localhost:8001/ "HTTP/1.1 200 OK"
2026-07-16 18:53:30 [INFO] httpx: HTTP Request: GET http://localhost:8001/ "HTTP/1.1 200 OK"
2026-07-16 18:54:30 [INFO] httpx: HTTP Request: GET http://localhost:8001/ "HTTP/1.1 200 OK"
2026-07-16 18:55:30 [INFO] httpx: HTTP Request: GET http://localhost:8001/ "HTTP/1.1 200 OK"
2026-07-16 18:56:30 [INFO] httpx: HTTP Request: GET http://localhost:8001/ "HTTP/1.1 200 OK"
2026-07-16 18:57:30 [INFO] httpx: HTTP Request: GET http://localhost:8001/ "HTTP/1.1 200 OK"
2026-07-16 18:58:30 [INFO] httpx: HTTP Request: GET http://localhost:8001/ "HTTP/1.1 200 OK"
2026-07-16 18:59:30 [INFO] httpx: HTTP Request: GET http://localhost:8001/ "HTTP/1.1 200 OK"
2026-07-16 19:05:30 [INFO] httpx: HTTP Request: GET http://localhost:8001/ "HTTP/1.1 200 OK"
2026-07-16 19:06:30 [INFO] httpx: HTTP Request: GET http://localhost:8001/ "HTTP/1.1 200 OK"
2026-07-16 19:07:30 [INFO] httpx: HTTP Request: GET http://localhost:8001/ "HTTP/1.1 200 OK"
2026-07-16 19:08:30 [INFO] httpx: HTTP Request: GET http://localhost:8001/ "HTTP/1.1 200 OK"
2026-07-16 19:12:33 [INFO] httpx: HTTP Request: GET http://localhost:8001/ "HTTP/1.1 200 OK"
2026-07-16 19:13:33 [INFO] httpx: HTTP Request: GET http://localhost:8001/ "HTTP/1.1 200 OK"
2026-07-16 19:14:33 [INFO] httpx: HTTP Request: GET http://localhost:8001/ "HTTP/1.1 200 OK"
2026-07-16 19:15:33 [INFO] httpx: HTTP Request: GET http://localhost:8001/ "HTTP/1.1 200 OK"
2026-07-16 19:16:33 [INFO] httpx: HTTP Request: GET http://localhost:8001/ "HTTP/1.1 200 OK"
2026-07-16 19:17:33 [INFO] httpx: HTTP Request: GET http://localhost:8001/ "HTTP/1.1 200 OK"
2026-07-16 19:19:32 [INFO] httpx: HTTP Request: GET http://localhost:8001/ "HTTP/1.1 200 OK"
2026-07-16 19:20:32 [INFO] httpx: HTTP Request: GET http://localhost:8001/ "HTTP/1.1 200 OK"
2026-07-16 19:21:32 [INFO] httpx: HTTP Request: GET http://localhost:8001/ "HTTP/1.1 200 OK"
2026-07-16 19:48:48 [INFO] httpx: HTTP Request: GET http://localhost:8001/ "HTTP/1.1 200 OK"
2026-07-16 19:49:48 [INFO] httpx: HTTP Request: GET http://localhost:8001/ "HTTP/1.1 200 OK"
2026-07-16 21:42:36 [INFO] httpx: HTTP Request: GET http://localhost:8001/ "HTTP/1.1 200 OK"
2026-07-16 22:01:58 [INFO] httpx: HTTP Request: GET http://localhost:8001/ "HTTP/1.1 200 OK"
2026-07-16 22:02:58 [INFO] httpx: HTTP Request: GET http://localhost:8001/ "HTTP/1.1 200 OK"
2026-07-16 22:18:38 [INFO] httpx: HTTP Request: GET http://localhost:8001/ "HTTP/1.1 200 OK"
2026-07-16 22:19:38 [INFO] httpx: HTTP Request: GET http://localhost:8001/ "HTTP/1.1 200 OK"
2026-07-16 22:20:38 [INFO] httpx: HTTP Request: GET http://localhost:8001/ "HTTP/1.1 200 OK"
2026-07-16 22:21:38 [INFO] httpx: HTTP Request: GET http://localhost:8001/ "HTTP/1.1 200 OK"
2026-07-16 22:22:38 [INFO] httpx: HTTP Request: GET http://localhost:8001/ "HTTP/1.1 200 OK"
2026-07-16 22:23:38 [INFO] httpx: HTTP Request: GET http://localhost:8001/ "HTTP/1.1 200 OK"
2026-07-16 22:24:38 [INFO] httpx: HTTP Request: GET http://localhost:8001/ "HTTP/1.1 200 OK"
2026-07-16 23:05:24 [INFO] httpx: HTTP Request: GET http://localhost:8001/ "HTTP/1.1 200 OK"
2026-07-16 23:06:24 [INFO] httpx: HTTP Request: GET http://localhost:8001/ "HTTP/1.1 200 OK"
2026-07-16 23:07:24 [INFO] httpx: HTTP Request: GET http://localhost:8001/ "HTTP/1.1 200 OK"
2026-07-16 23:47:24 [INFO] httpx: HTTP Request: GET http://localhost:8001/ "HTTP/1.1 200 OK"
2026-07-17 00:06:34 [INFO] httpx: HTTP Request: GET http://localhost:8001/ "HTTP/1.1 200 OK"
2026-07-17 00:07:34 [INFO] httpx: HTTP Request: GET http://localhost:8001/ "HTTP/1.1 200 OK"
2026-07-17 00:08:34 [INFO] httpx: HTTP Request: GET http://localhost:8001/ "HTTP/1.1 200 OK"
2026-07-17 00:09:34 [INFO] httpx: HTTP Request: GET http://localhost:8001/ "HTTP/1.1 200 OK"
2026-07-17 00:10:34 [INFO] httpx: HTTP Request: GET http://localhost:8001/ "HTTP/1.1 200 OK"
2026-07-17 00:43:53 [INFO] httpx: HTTP Request: GET http://localhost:8001/ "HTTP/1.1 200 OK"
2026-07-17 00:44:53 [INFO] httpx: HTTP Request: GET http://localhost:8001/ "HTTP/1.1 200 OK"
2026-07-17 01:03:17 [INFO] httpx: HTTP Request: GET http://localhost:8001/ "HTTP/1.1 200 OK"
2026-07-17 01:19:46 [INFO] httpx: HTTP Request: GET http://localhost:8001/ "HTTP/1.1 200 OK"
2026-07-17 01:20:46 [INFO] httpx: HTTP Request: GET http://localhost:8001/ "HTTP/1.1 200 OK"
2026-07-17 01:21:46 [INFO] httpx: HTTP Request: GET http://localhost:8001/ "HTTP/1.1 200 OK"
2026-07-17 01:22:46 [INFO] httpx: HTTP Request: GET http://localhost:8001/ "HTTP/1.1 200 OK"
2026-07-17 01:23:46 [INFO] httpx: HTTP Request: GET http://localhost:8001/ "HTTP/1.1 200 OK"
2026-07-17 01:24:46 [INFO] httpx: HTTP Request: GET http://localhost:8001/ "HTTP/1.1 200 OK"
2026-07-17 01:25:46 [INFO] httpx: HTTP Request: GET http://localhost:8001/ "HTTP/1.1 200 OK"
2026-07-17 01:26:46 [INFO] httpx: HTTP Request: GET http://localhost:8001/ "HTTP/1.1 200 OK"
2026-07-17 01:27:46 [INFO] httpx: HTTP Request: GET http://localhost:8001/ "HTTP/1.1 200 OK"
2026-07-17 01:28:46 [INFO] httpx: HTTP Request: GET http://localhost:8001/ "HTTP/1.1 200 OK"
2026-07-17 01:29:46 [INFO] httpx: HTTP Request: GET http://localhost:8001/ "HTTP/1.1 200 OK"
2026-07-17 01:30:46 [INFO] httpx: HTTP Request: GET http://localhost:8001/ "HTTP/1.1 200 OK"
2026-07-17 01:31:46 [INFO] httpx: HTTP Request: GET http://localhost:8001/ "HTTP/1.1 200 OK"
2026-07-17 01:32:46 [INFO] httpx: HTTP Request: GET http://localhost:8001/ "HTTP/1.1 200 OK"
2026-07-17 01:33:46 [INFO] httpx: HTTP Request: GET http://localhost:8001/ "HTTP/1.1 200 OK"
2026-07-17 01:34:46 [INFO] httpx: HTTP Request: GET http://localhost:8001/ "HTTP/1.1 200 OK"
2026-07-17 01:35:46 [INFO] httpx: HTTP Request: GET http://localhost:8001/ "HTTP/1.1 200 OK"
2026-07-17 01:36:46 [INFO] httpx: HTTP Request: GET http://localhost:8001/ "HTTP/1.1 200 OK"
2026-07-17 01:37:46 [INFO] httpx: HTTP Request: GET http://localhost:8001/ "HTTP/1.1 200 OK"
2026-07-17 01:38:46 [INFO] httpx: HTTP Request: GET http://localhost:8001/ "HTTP/1.1 200 OK"
2026-07-17 01:39:46 [INFO] httpx: HTTP Request: GET http://localhost:8001/ "HTTP/1.1 200 OK"
2026-07-17 01:40:46 [INFO] httpx: HTTP Request: GET http://localhost:8001/ "HTTP/1.1 200 OK"
2026-07-17 01:41:46 [INFO] httpx: HTTP Request: GET http://localhost:8001/ "HTTP/1.1 200 OK"
2026-07-17 01:42:46 [INFO] httpx: HTTP Request: GET http://localhost:8001/ "HTTP/1.1 200 OK"
2026-07-17 01:43:46 [INFO] httpx: HTTP Request: GET http://localhost:8001/ "HTTP/1.1 200 OK"
2026-07-17 01:48:46 [INFO] httpx: HTTP Request: GET http://localhost:8001/ "HTTP/1.1 200 OK"
2026-07-17 01:49:46 [INFO] httpx: HTTP Request: GET http://localhost:8001/ "HTTP/1.1 200 OK"
2026-07-17 01:50:46 [INFO] httpx: HTTP Request: GET http://localhost:8001/ "HTTP/1.1 200 OK"
2026-07-17 01:51:46 [INFO] httpx: HTTP Request: GET http://localhost:8001/ "HTTP/1.1 200 OK"
2026-07-17 01:52:46 [INFO] httpx: HTTP Request: GET http://localhost:8001/ "HTTP/1.1 200 OK"
2026-07-17 01:53:46 [INFO] httpx: HTTP Request: GET http://localhost:8001/ "HTTP/1.1 200 OK"
2026-07-17 01:54:46 [INFO] httpx: HTTP Request: GET http://localhost:8001/ "HTTP/1.1 200 OK"
2026-07-17 01:55:46 [INFO] httpx: HTTP Request: GET http://localhost:8001/ "HTTP/1.1 200 OK"
2026-07-17 01:56:46 [INFO] httpx: HTTP Request: GET http://localhost:8001/ "HTTP/1.1 200 OK"
2026-07-17 01:57:46 [INFO] httpx: HTTP Request: GET http://localhost:8001/ "HTTP/1.1 200 OK"
2026-07-17 01:58:46 [INFO] httpx: HTTP Request: GET http://localhost:8001/ "HTTP/1.1 200 OK"
2026-07-17 01:59:46 [INFO] httpx: HTTP Request: GET http://localhost:8001/ "HTTP/1.1 200 OK"
2026-07-17 02:00:46 [INFO] httpx: HTTP Request: GET http://localhost:8001/ "HTTP/1.1 200 OK"
2026-07-17 02:01:46 [INFO] httpx: HTTP Request: GET http://localhost:8001/ "HTTP/1.1 200 OK"
2026-07-17 02:02:46 [INFO] httpx: HTTP Request: GET http://localhost:8001/ "HTTP/1.1 200 OK"
2026-07-17 02:03:46 [INFO] httpx: HTTP Request: GET http://localhost:8001/ "HTTP/1.1 200 OK"
2026-07-17 02:04:46 [INFO] httpx: HTTP Request: GET http://localhost:8001/ "HTTP/1.1 200 OK"
2026-07-17 02:05:46 [INFO] httpx: HTTP Request: GET http://localhost:8001/ "HTTP/1.1 200 OK"
2026-07-17 02:06:46 [INFO] httpx: HTTP Request: GET http://localhost:8001/ "HTTP/1.1 200 OK"
2026-07-17 02:07:46 [INFO] httpx: HTTP Request: GET http://localhost:8001/ "HTTP/1.1 200 OK"
2026-07-17 02:08:46 [INFO] httpx: HTTP Request: GET http://localhost:8001/ "HTTP/1.1 200 OK"
2026-07-17 02:09:46 [INFO] httpx: HTTP Request: GET http://localhost:8001/ "HTTP/1.1 200 OK"
2026-07-17 02:10:46 [INFO] httpx: HTTP Request: GET http://localhost:8001/ "HTTP/1.1 200 OK"
2026-07-17 02:11:46 [INFO] httpx: HTTP Request: GET http://localhost:8001/ "HTTP/1.1 200 OK"
2026-07-17 02:12:46 [INFO] httpx: HTTP Request: GET http://localhost:8001/ "HTTP/1.1 200 OK"
2026-07-17 02:13:46 [INFO] httpx: HTTP Request: GET http://localhost:8001/ "HTTP/1.1 200 OK"
2026-07-17 02:14:46 [INFO] httpx: HTTP Request: GET http://localhost:8001/ "HTTP/1.1 200 OK"
2026-07-17 02:15:46 [INFO] httpx: HTTP Request: GET http://localhost:8001/ "HTTP/1.1 200 OK"
2026-07-17 02:16:46 [INFO] httpx: HTTP Request: GET http://localhost:8001/ "HTTP/1.1 200 OK"
2026-07-17 02:17:46 [INFO] httpx: HTTP Request: GET http://localhost:8001/ "HTTP/1.1 200 OK"
2026-07-17 02:18:46 [INFO] httpx: HTTP Request: GET http://localhost:8001/ "HTTP/1.1 200 OK"
2026-07-17 02:19:46 [INFO] httpx: HTTP Request: GET http://localhost:8001/ "HTTP/1.1 200 OK"
2026-07-17 02:20:46 [INFO] httpx: HTTP Request: GET http://localhost:8001/ "HTTP/1.1 200 OK"
2026-07-17 02:21:46 [INFO] httpx: HTTP Request: GET http://localhost:8001/ "HTTP/1.1 200 OK"
2026-07-17 02:22:46 [INFO] httpx: HTTP Request: GET http://localhost:8001/ "HTTP/1.1 200 OK"
2026-07-17 02:23:46 [INFO] httpx: HTTP Request: GET http://localhost:8001/ "HTTP/1.1 200 OK"
2026-07-17 02:24:46 [INFO] httpx: HTTP Request: GET http://localhost:8001/ "HTTP/1.1 200 OK"
2026-07-17 02:25:46 [INFO] httpx: HTTP Request: GET http://localhost:8001/ "HTTP/1.1 200 OK"
2026-07-17 02:26:46 [INFO] httpx: HTTP Request: GET http://localhost:8001/ "HTTP/1.1 200 OK"
2026-07-17 02:27:46 [INFO] httpx: HTTP Request: GET http://localhost:8001/ "HTTP/1.1 200 OK"
2026-07-17 02:28:46 [INFO] httpx: HTTP Request: GET http://localhost:8001/ "HTTP/1.1 200 OK"
2026-07-17 02:29:46 [INFO] httpx: HTTP Request: GET http://localhost:8001/ "HTTP/1.1 200 OK"
2026-07-17 02:30:46 [INFO] httpx: HTTP Request: GET http://localhost:8001/ "HTTP/1.1 200 OK"
2026-07-17 02:31:46 [INFO] httpx: HTTP Request: GET http://localhost:8001/ "HTTP/1.1 200 OK"
2026-07-17 02:32:46 [INFO] httpx: HTTP Request: GET http://localhost:8001/ "HTTP/1.1 200 OK"
2026-07-17 02:33:46 [INFO] httpx: HTTP Request: GET http://localhost:8001/ "HTTP/1.1 200 OK"
2026-07-17 02:34:46 [INFO] httpx: HTTP Request: GET http://localhost:8001/ "HTTP/1.1 200 OK"
2026-07-17 02:35:46 [INFO] httpx: HTTP Request: GET http://localhost:8001/ "HTTP/1.1 200 OK"
2026-07-17 02:36:46 [INFO] httpx: HTTP Request: GET http://localhost:8001/ "HTTP/1.1 200 OK"
2026-07-17 02:37:46 [INFO] httpx: HTTP Request: GET http://localhost:8001/ "HTTP/1.1 200 OK"
2026-07-17 02:38:46 [INFO] httpx: HTTP Request: GET http://localhost:8001/ "HTTP/1.1 200 OK"
2026-07-17 02:39:46 [INFO] httpx: HTTP Request: GET http://localhost:8001/ "HTTP/1.1 200 OK"
2026-07-17 02:40:46 [INFO] httpx: HTTP Request: GET http://localhost:8001/ "HTTP/1.1 200 OK"
2026-07-17 02:41:46 [INFO] httpx: HTTP Request: GET http://localhost:8001/ "HTTP/1.1 200 OK"
2026-07-17 02:42:46 [INFO] httpx: HTTP Request: GET http://localhost:8001/ "HTTP/1.1 200 OK"
2026-07-17 02:43:46 [INFO] httpx: HTTP Request: GET http://localhost:8001/ "HTTP/1.1 200 OK"
2026-07-17 02:44:46 [INFO] httpx: HTTP Request: GET http://localhost:8001/ "HTTP/1.1 200 OK"
2026-07-17 02:45:46 [INFO] httpx: HTTP Request: GET http://localhost:8001/ "HTTP/1.1 200 OK"
2026-07-17 02:46:46 [INFO] httpx: HTTP Request: GET http://localhost:8001/ "HTTP/1.1 200 OK"
2026-07-17 02:47:46 [INFO] httpx: HTTP Request: GET http://localhost:8001/ "HTTP/1.1 200 OK"
2026-07-17 02:48:46 [INFO] httpx: HTTP Request: GET http://localhost:8001/ "HTTP/1.1 200 OK"
2026-07-17 02:49:46 [INFO] httpx: HTTP Request: GET http://localhost:8001/ "HTTP/1.1 200 OK"
2026-07-17 02:50:46 [INFO] httpx: HTTP Request: GET http://localhost:8001/ "HTTP/1.1 200 OK"
2026-07-17 02:51:46 [INFO] httpx: HTTP Request: GET http://localhost:8001/ "HTTP/1.1 200 OK"
2026-07-17 02:52:46 [INFO] httpx: HTTP Request: GET http://localhost:8001/ "HTTP/1.1 200 OK"
2026-07-17 02:53:46 [INFO] httpx: HTTP Request: GET http://localhost:8001/ "HTTP/1.1 200 OK"
2026-07-17 02:54:46 [INFO] httpx: HTTP Request: GET http://localhost:8001/ "HTTP/1.1 200 OK"
2026-07-17 02:55:46 [INFO] httpx: HTTP Request: GET http://localhost:8001/ "HTTP/1.1 200 OK"
2026-07-17 02:56:46 [INFO] httpx: HTTP Request: GET http://localhost:8001/ "HTTP/1.1 200 OK"
2026-07-17 02:57:46 [INFO] httpx: HTTP Request: GET http://localhost:8001/ "HTTP/1.1 200 OK"
2026-07-17 02:58:46 [INFO] httpx: HTTP Request: GET http://localhost:8001/ "HTTP/1.1 200 OK"
2026-07-17 02:59:46 [INFO] httpx: HTTP Request: GET http://localhost:8001/ "HTTP/1.1 200 OK"
2026-07-17 03:00:46 [INFO] httpx: HTTP Request: GET http://localhost:8001/ "HTTP/1.1 200 OK"
2026-07-17 03:39:57 [INFO] httpx: HTTP Request: GET http://localhost:8001/ "HTTP/1.1 200 OK"
2026-07-17 05:54:11 [INFO] httpx: HTTP Request: GET http://localhost:8001/ "HTTP/1.1 200 OK"
2026-07-17 07:29:27 [INFO] httpx: HTTP Request: GET http://localhost:8001/ "HTTP/1.1 200 OK"
2026-07-17 07:51:48 [INFO] httpx: HTTP Request: GET http://localhost:8001/ "HTTP/1.1 200 OK"
2026-07-17 07:52:48 [INFO] httpx: HTTP Request: GET http://localhost:8001/ "HTTP/1.1 200 OK"
2026-07-17 08:19:11 [INFO] httpx: HTTP Request: GET http://localhost:8001/ "HTTP/1.1 200 OK"
2026-07-17 09:42:05 [INFO] httpx: HTTP Request: GET http://localhost:8001/ "HTTP/1.1 200 OK"
2026-07-17 09:43:05 [INFO] httpx: HTTP Request: GET http://localhost:8001/ "HTTP/1.1 200 OK"
2026-07-17 09:44:05 [INFO] httpx: HTTP Request: GET http://localhost:8001/ "HTTP/1.1 200 OK"
2026-07-17 09:45:05 [INFO] httpx: HTTP Request: GET http://localhost:8001/ "HTTP/1.1 200 OK"
2026-07-17 09:46:05 [INFO] httpx: HTTP Request: GET http://localhost:8001/ "HTTP/1.1 200 OK"
2026-07-17 09:47:05 [INFO] httpx: HTTP Request: GET http://localhost:8001/ "HTTP/1.1 200 OK"
2026-07-17 09:48:05 [INFO] httpx: HTTP Request: GET http://localhost:8001/ "HTTP/1.1 200 OK"
2026-07-17 09:49:05 [INFO] httpx: HTTP Request: GET http://localhost:8001/ "HTTP/1.1 200 OK"
2026-07-17 09:50:05 [INFO] httpx: HTTP Request: GET http://localhost:8001/ "HTTP/1.1 200 OK"
2026-07-17 09:51:05 [INFO] httpx: HTTP Request: GET http://localhost:8001/ "HTTP/1.1 200 OK"
2026-07-17 09:52:05 [INFO] httpx: HTTP Request: GET http://localhost:8001/ "HTTP/1.1 200 OK"
2026-07-17 09:53:05 [INFO] httpx: HTTP Request: GET http://localhost:8001/ "HTTP/1.1 200 OK"
2026-07-17 09:54:05 [INFO] httpx: HTTP Request: GET http://localhost:8001/ "HTTP/1.1 200 OK"
2026-07-17 09:55:05 [INFO] httpx: HTTP Request: GET http://localhost:8001/ "HTTP/1.1 200 OK"
2026-07-17 09:56:05 [INFO] httpx: HTTP Request: GET http://localhost:8001/ "HTTP/1.1 200 OK"
2026-07-17 09:57:05 [INFO] httpx: HTTP Request: GET http://localhost:8001/ "HTTP/1.1 200 OK"
2026-07-17 09:58:05 [INFO] httpx: HTTP Request: GET http://localhost:8001/ "HTTP/1.1 200 OK"
2026-07-17 09:59:05 [INFO] httpx: HTTP Request: GET http://localhost:8001/ "HTTP/1.1 200 OK"
2026-07-17 10:00:05 [INFO] httpx: HTTP Request: GET http://localhost:8001/ "HTTP/1.1 200 OK"
2026-07-17 10:01:05 [INFO] httpx: HTTP Request: GET http://localhost:8001/ "HTTP/1.1 200 OK"
2026-07-17 10:02:05 [INFO] httpx: HTTP Request: GET http://localhost:8001/ "HTTP/1.1 200 OK"
2026-07-17 10:03:05 [INFO] httpx: HTTP Request: GET http://localhost:8001/ "HTTP/1.1 200 OK"
2026-07-17 10:04:05 [INFO] httpx: HTTP Request: GET http://localhost:8001/ "HTTP/1.1 200 OK"
2026-07-17 10:05:05 [INFO] httpx: HTTP Request: GET http://localhost:8001/ "HTTP/1.1 200 OK"
2026-07-17 10:06:05 [INFO] httpx: HTTP Request: GET http://localhost:8001/ "HTTP/1.1 200 OK"
2026-07-17 10:07:05 [INFO] httpx: HTTP Request: GET http://localhost:8001/ "HTTP/1.1 200 OK"
2026-07-17 10:08:05 [INFO] httpx: HTTP Request: GET http://localhost:8001/ "HTTP/1.1 200 OK"
2026-07-17 10:09:05 [INFO] httpx: HTTP Request: GET http://localhost:8001/ "HTTP/1.1 200 OK"
2026-07-17 10:10:05 [INFO] httpx: HTTP Request: GET http://localhost:8001/ "HTTP/1.1 200 OK"
2026-07-17 10:11:05 [INFO] httpx: HTTP Request: GET http://localhost:8001/ "HTTP/1.1 200 OK"
2026-07-17 10:12:05 [INFO] httpx: HTTP Request: GET http://localhost:8001/ "HTTP/1.1 200 OK"
2026-07-17 10:13:05 [INFO] httpx: HTTP Request: GET http://localhost:8001/ "HTTP/1.1 200 OK"
2026-07-17 10:14:05 [INFO] httpx: HTTP Request: GET http://localhost:8001/ "HTTP/1.1 200 OK"
2026-07-17 10:15:05 [INFO] httpx: HTTP Request: GET http://localhost:8001/ "HTTP/1.1 200 OK"
2026-07-17 10:16:05 [INFO] httpx: HTTP Request: GET http://localhost:8001/ "HTTP/1.1 200 OK"
2026-07-17 10:17:05 [INFO] httpx: HTTP Request: GET http://localhost:8001/ "HTTP/1.1 200 OK"
2026-07-17 10:18:05 [INFO] httpx: HTTP Request: GET http://localhost:8001/ "HTTP/1.1 200 OK"
2026-07-17 10:19:05 [INFO] httpx: HTTP Request: GET http://localhost:8001/ "HTTP/1.1 200 OK"
2026-07-17 10:20:05 [INFO] httpx: HTTP Request: GET http://localhost:8001/ "HTTP/1.1 200 OK"
2026-07-17 10:21:05 [INFO] httpx: HTTP Request: GET http://localhost:8001/ "HTTP/1.1 200 OK"
2026-07-17 10:22:05 [INFO] httpx: HTTP Request: GET http://localhost:8001/ "HTTP/1.1 200 OK"
2026-07-17 10:23:05 [INFO] httpx: HTTP Request: GET http://localhost:8001/ "HTTP/1.1 200 OK"
2026-07-17 10:24:05 [INFO] httpx: HTTP Request: GET http://localhost:8001/ "HTTP/1.1 200 OK"
2026-07-17 10:25:05 [INFO] httpx: HTTP Request: GET http://localhost:8001/ "HTTP/1.1 200 OK"
2026-07-17 10:26:05 [INFO] httpx: HTTP Request: GET http://localhost:8001/ "HTTP/1.1 200 OK"
2026-07-17 10:27:05 [INFO] httpx: HTTP Request: GET http://localhost:8001/ "HTTP/1.1 200 OK"
2026-07-17 10:28:05 [INFO] httpx: HTTP Request: GET http://localhost:8001/ "HTTP/1.1 200 OK"
2026-07-17 10:29:05 [INFO] httpx: HTTP Request: GET http://localhost:8001/ "HTTP/1.1 200 OK"
2026-07-17 10:30:05 [INFO] httpx: HTTP Request: GET http://localhost:8001/ "HTTP/1.1 200 OK"
2026-07-17 10:31:05 [INFO] httpx: HTTP Request: GET http://localhost:8001/ "HTTP/1.1 200 OK"
2026-07-17 10:32:05 [INFO] httpx: HTTP Request: GET http://localhost:8001/ "HTTP/1.1 200 OK"
2026-07-17 10:33:05 [INFO] httpx: HTTP Request: GET http://localhost:8001/ "HTTP/1.1 200 OK"
2026-07-17 10:34:05 [INFO] httpx: HTTP Request: GET http://localhost:8001/ "HTTP/1.1 200 OK"
2026-07-17 10:35:05 [INFO] httpx: HTTP Request: GET http://localhost:8001/ "HTTP/1.1 200 OK"
2026-07-17 10:36:05 [INFO] httpx: HTTP Request: GET http://localhost:8001/ "HTTP/1.1 200 OK"
2026-07-17 10:37:05 [INFO] httpx: HTTP Request: GET http://localhost:8001/ "HTTP/1.1 200 OK"
2026-07-17 10:38:05 [INFO] httpx: HTTP Request: GET http://localhost:8001/ "HTTP/1.1 200 OK"
2026-07-17 10:39:05 [INFO] httpx: HTTP Request: GET http://localhost:8001/ "HTTP/1.1 200 OK"
2026-07-17 10:40:05 [INFO] httpx: HTTP Request: GET http://localhost:8001/ "HTTP/1.1 200 OK"
2026-07-17 10:41:05 [INFO] httpx: HTTP Request: GET http://localhost:8001/ "HTTP/1.1 200 OK"
2026-07-17 10:42:05 [INFO] httpx: HTTP Request: GET http://localhost:8001/ "HTTP/1.1 200 OK"
2026-07-17 10:43:05 [INFO] httpx: HTTP Request: GET http://localhost:8001/ "HTTP/1.1 200 OK"
2026-07-17 10:44:05 [INFO] httpx: HTTP Request: GET http://localhost:8001/ "HTTP/1.1 200 OK"
2026-07-17 10:45:05 [INFO] httpx: HTTP Request: GET http://localhost:8001/ "HTTP/1.1 200 OK"
2026-07-17 10:46:05 [INFO] httpx: HTTP Request: GET http://localhost:8001/ "HTTP/1.1 200 OK"
2026-07-17 10:47:05 [INFO] httpx: HTTP Request: GET http://localhost:8001/ "HTTP/1.1 200 OK"
2026-07-17 10:48:17 [INFO] httpx: HTTP Request: GET http://localhost:8001/ "HTTP/1.1 200 OK"
2026-07-17 10:49:17 [INFO] httpx: HTTP Request: GET http://localhost:8001/ "HTTP/1.1 200 OK"
2026-07-17 10:50:17 [INFO] httpx: HTTP Request: GET http://localhost:8001/ "HTTP/1.1 200 OK"
2026-07-17 10:51:17 [INFO] httpx: HTTP Request: GET http://localhost:8001/ "HTTP/1.1 200 OK"
2026-07-17 10:52:17 [INFO] httpx: HTTP Request: GET http://localhost:8001/ "HTTP/1.1 200 OK"
2026-07-17 10:53:17 [INFO] httpx: HTTP Request: GET http://localhost:8001/ "HTTP/1.1 200 OK"
2026-07-17 10:54:17 [INFO] httpx: HTTP Request: GET http://localhost:8001/ "HTTP/1.1 200 OK"
2026-07-17 10:55:17 [INFO] httpx: HTTP Request: GET http://localhost:8001/ "HTTP/1.1 200 OK"
2026-07-17 10:56:17 [INFO] httpx: HTTP Request: GET http://localhost:8001/ "HTTP/1.1 200 OK"
2026-07-17 10:57:17 [INFO] httpx: HTTP Request: GET http://localhost:8001/ "HTTP/1.1 200 OK"
2026-07-17 10:58:17 [INFO] httpx: HTTP Request: GET http://localhost:8001/ "HTTP/1.1 200 OK"
2026-07-17 10:59:17 [INFO] httpx: HTTP Request: GET http://localhost:8001/ "HTTP/1.1 200 OK"
2026-07-17 11:00:17 [INFO] httpx: HTTP Request: GET http://localhost:8001/ "HTTP/1.1 200 OK"
2026-07-17 11:01:17 [INFO] httpx: HTTP Request: GET http://localhost:8001/ "HTTP/1.1 200 OK"
2026-07-17 11:02:17 [INFO] httpx: HTTP Request: GET http://localhost:8001/ "HTTP/1.1 200 OK"
2026-07-17 11:03:17 [INFO] httpx: HTTP Request: GET http://localhost:8001/ "HTTP/1.1 200 OK"
2026-07-17 11:04:17 [INFO] httpx: HTTP Request: GET http://localhost:8001/ "HTTP/1.1 200 OK"
2026-07-17 11:05:17 [INFO] httpx: HTTP Request: GET http://localhost:8001/ "HTTP/1.1 200 OK"
2026-07-17 11:06:17 [INFO] httpx: HTTP Request: GET http://localhost:8001/ "HTTP/1.1 200 OK"
2026-07-17 11:07:17 [INFO] httpx: HTTP Request: GET http://localhost:8001/ "HTTP/1.1 200 OK"
2026-07-17 11:08:38 [INFO] httpx: HTTP Request: GET http://localhost:8001/ "HTTP/1.1 200 OK"
2026-07-17 11:09:38 [INFO] httpx: HTTP Request: GET http://localhost:8001/ "HTTP/1.1 200 OK"
2026-07-17 11:10:38 [INFO] httpx: HTTP Request: GET http://localhost:8001/ "HTTP/1.1 200 OK"
2026-07-17 11:11:38 [INFO] httpx: HTTP Request: GET http://localhost:8001/ "HTTP/1.1 200 OK"
2026-07-17 11:12:38 [INFO] httpx: HTTP Request: GET http://localhost:8001/ "HTTP/1.1 200 OK"
2026-07-17 11:14:55 [INFO] httpx: HTTP Request: GET http://localhost:8001/ "HTTP/1.1 200 OK"
2026-07-17 11:15:55 [INFO] httpx: HTTP Request: GET http://localhost:8001/ "HTTP/1.1 200 OK"
2026-07-17 11:16:55 [INFO] httpx: HTTP Request: GET http://localhost:8001/ "HTTP/1.1 200 OK"
2026-07-17 11:17:55 [INFO] httpx: HTTP Request: GET http://localhost:8001/ "HTTP/1.1 200 OK"
2026-07-17 11:22:11 [INFO] httpx: HTTP Request: GET http://localhost:8001/ "HTTP/1.1 200 OK"
2026-07-17 11:23:11 [INFO] httpx: HTTP Request: GET http://localhost:8001/ "HTTP/1.1 200 OK"
2026-07-17 11:24:11 [INFO] httpx: HTTP Request: GET http://localhost:8001/ "HTTP/1.1 200 OK"
2026-07-17 11:25:11 [INFO] httpx: HTTP Request: GET http://localhost:8001/ "HTTP/1.1 200 OK"
2026-07-17 11:26:11 [INFO] httpx: HTTP Request: GET http://localhost:8001/ "HTTP/1.1 200 OK"
2026-07-17 11:29:30 [INFO] httpx: HTTP Request: GET http://localhost:8001/ "HTTP/1.1 200 OK"
2026-07-17 11:30:30 [INFO] httpx: HTTP Request: GET http://localhost:8001/ "HTTP/1.1 200 OK"
2026-07-17 11:31:30 [INFO] httpx: HTTP Request: GET http://localhost:8001/ "HTTP/1.1 200 OK"
2026-07-17 11:32:30 [INFO] httpx: HTTP Request: GET http://localhost:8001/ "HTTP/1.1 200 OK"
2026-07-17 11:33:30 [INFO] httpx: HTTP Request: GET http://localhost:8001/ "HTTP/1.1 200 OK"
2026-07-17 11:34:30 [INFO] httpx: HTTP Request: GET http://localhost:8001/ "HTTP/1.1 200 OK"
2026-07-17 11:35:30 [INFO] httpx: HTTP Request: GET http://localhost:8001/ "HTTP/1.1 200 OK"
2026-07-17 11:36:30 [INFO] httpx: HTTP Request: GET http://localhost:8001/ "HTTP/1.1 200 OK"
2026-07-17 11:37:30 [INFO] httpx: HTTP Request: GET http://localhost:8001/ "HTTP/1.1 200 OK"
2026-07-17 11:38:30 [INFO] httpx: HTTP Request: GET http://localhost:8001/ "HTTP/1.1 200 OK"
2026-07-17 11:39:30 [INFO] httpx: HTTP Request: GET http://localhost:8001/ "HTTP/1.1 200 OK"
2026-07-17 11:40:30 [INFO] httpx: HTTP Request: GET http://localhost:8001/ "HTTP/1.1 200 OK"
2026-07-17 11:41:30 [INFO] httpx: HTTP Request: GET http://localhost:8001/ "HTTP/1.1 200 OK"
2026-07-17 11:42:30 [INFO] httpx: HTTP Request: GET http://localhost:8001/ "HTTP/1.1 200 OK"
2026-07-17 11:43:30 [INFO] httpx: HTTP Request: GET http://localhost:8001/ "HTTP/1.1 200 OK"
2026-07-17 11:44:30 [INFO] httpx: HTTP Request: GET http://localhost:8001/ "HTTP/1.1 200 OK"
2026-07-17 11:45:30 [INFO] httpx: HTTP Request: GET http://localhost:8001/ "HTTP/1.1 200 OK"
2026-07-17 11:46:30 [INFO] httpx: HTTP Request: GET http://localhost:8001/ "HTTP/1.1 200 OK"
2026-07-17 11:49:36 [INFO] httpx: HTTP Request: GET http://localhost:8001/ "HTTP/1.1 200 OK"
2026-07-17 11:50:36 [INFO] httpx: HTTP Request: GET http://localhost:8001/ "HTTP/1.1 200 OK"
2026-07-17 11:51:36 [INFO] httpx: HTTP Request: GET http://localhost:8001/ "HTTP/1.1 200 OK"
2026-07-17 11:52:36 [INFO] httpx: HTTP Request: GET http://localhost:8001/ "HTTP/1.1 200 OK"
2026-07-17 11:53:36 [INFO] httpx: HTTP Request: GET http://localhost:8001/ "HTTP/1.1 200 OK"
2026-07-17 12:06:40 [INFO] httpx: HTTP Request: GET http://localhost:8001/ "HTTP/1.1 200 OK"
2026-07-17 12:07:40 [INFO] httpx: HTTP Request: GET http://localhost:8001/ "HTTP/1.1 200 OK"
2026-07-17 12:10:03 [INFO] httpx: HTTP Request: GET http://localhost:8001/ "HTTP/1.1 200 OK"
2026-07-17 12:11:03 [INFO] httpx: HTTP Request: GET http://localhost:8001/ "HTTP/1.1 200 OK"
2026-07-17 12:14:25 [INFO] httpx: HTTP Request: GET http://localhost:8001/ "HTTP/1.1 200 OK"
2026-07-17 12:15:25 [INFO] httpx: HTTP Request: GET http://localhost:8001/ "HTTP/1.1 200 OK"
2026-07-17 12:51:11 [INFO] httpx: HTTP Request: GET http://localhost:8001/ "HTTP/1.1 200 OK"
2026-07-17 12:52:11 [INFO] httpx: HTTP Request: GET http://localhost:8001/ "HTTP/1.1 200 OK"
2026-07-17 12:53:11 [INFO] httpx: HTTP Request: GET http://localhost:8001/ "HTTP/1.1 200 OK"
2026-07-17 12:54:11 [INFO] httpx: HTTP Request: GET http://localhost:8001/ "HTTP/1.1 200 OK"
2026-07-17 12:55:25 [INFO] httpx: HTTP Request: GET http://localhost:8001/ "HTTP/1.1 200 OK"
2026-07-17 12:56:25 [INFO] httpx: HTTP Request: GET http://localhost:8001/ "HTTP/1.1 200 OK"
2026-07-17 12:57:25 [INFO] httpx: HTTP Request: GET http://localhost:8001/ "HTTP/1.1 200 OK"
2026-07-17 12:58:25 [INFO] httpx: HTTP Request: GET http://localhost:8001/ "HTTP/1.1 200 OK"
2026-07-17 12:59:25 [INFO] httpx: HTTP Request: GET http://localhost:8001/ "HTTP/1.1 200 OK"
2026-07-17 13:00:25 [INFO] httpx: HTTP Request: GET http://localhost:8001/ "HTTP/1.1 200 OK"
2026-07-17 13:01:25 [INFO] httpx: HTTP Request: GET http://localhost:8001/ "HTTP/1.1 200 OK"
2026-07-17 13:02:25 [INFO] httpx: HTTP Request: GET http://localhost:8001/ "HTTP/1.1 200 OK"
2026-07-17 13:03:25 [INFO] httpx: HTTP Request: GET http://localhost:8001/ "HTTP/1.1 200 OK"
2026-07-17 13:04:25 [INFO] httpx: HTTP Request: GET http://localhost:8001/ "HTTP/1.1 200 OK"
2026-07-17 13:05:25 [INFO] httpx: HTTP Request: GET http://localhost:8001/ "HTTP/1.1 200 OK"
2026-07-17 13:06:25 [INFO] httpx: HTTP Request: GET http://localhost:8001/ "HTTP/1.1 200 OK"
2026-07-17 13:07:25 [INFO] httpx: HTTP Request: GET http://localhost:8001/ "HTTP/1.1 200 OK"
2026-07-17 13:08:25 [INFO] httpx: HTTP Request: GET http://localhost:8001/ "HTTP/1.1 200 OK"
2026-07-17 13:09:25 [INFO] httpx: HTTP Request: GET http://localhost:8001/ "HTTP/1.1 200 OK"
2026-07-17 13:10:25 [INFO] httpx: HTTP Request: GET http://localhost:8001/ "HTTP/1.1 200 OK"
2026-07-17 13:11:26 [INFO] httpx: HTTP Request: GET http://localhost:8001/ "HTTP/1.1 200 OK"
2026-07-17 13:12:26 [INFO] httpx: HTTP Request: GET http://localhost:8001/ "HTTP/1.1 200 OK"
2026-07-17 13:13:25 [INFO] httpx: HTTP Request: GET http://localhost:8001/ "HTTP/1.1 200 OK"
2026-07-17 13:14:25 [INFO] httpx: HTTP Request: GET http://localhost:8001/ "HTTP/1.1 200 OK"
2026-07-17 13:15:25 [INFO] httpx: HTTP Request: GET http://localhost:8001/ "HTTP/1.1 200 OK"
2026-07-17 13:16:25 [INFO] httpx: HTTP Request: GET http://localhost:8001/ "HTTP/1.1 200 OK"
2026-07-17 13:17:25 [INFO] httpx: HTTP Request: GET http://localhost:8001/ "HTTP/1.1 200 OK"
2026-07-17 13:18:25 [INFO] httpx: HTTP Request: GET http://localhost:8001/ "HTTP/1.1 200 OK"
2026-07-17 13:19:25 [INFO] httpx: HTTP Request: GET http://localhost:8001/ "HTTP/1.1 200 OK"
2026-07-17 13:20:25 [INFO] httpx: HTTP Request: GET http://localhost:8001/ "HTTP/1.1 200 OK"
2026-07-17 13:21:25 [INFO] httpx: HTTP Request: GET http://localhost:8001/ "HTTP/1.1 200 OK"
2026-07-17 13:22:25 [INFO] httpx: HTTP Request: GET http://localhost:8001/ "HTTP/1.1 200 OK"
2026-07-17 13:23:25 [INFO] httpx: HTTP Request: GET http://localhost:8001/ "HTTP/1.1 200 OK"
2026-07-17 13:24:25 [INFO] httpx: HTTP Request: GET http://localhost:8001/ "HTTP/1.1 200 OK"
2026-07-17 13:25:25 [INFO] httpx: HTTP Request: GET http://localhost:8001/ "HTTP/1.1 200 OK"
2026-07-17 13:26:26 [INFO] httpx: HTTP Request: GET http://localhost:8001/ "HTTP/1.1 200 OK"
2026-07-17 13:27:26 [INFO] httpx: HTTP Request: GET http://localhost:8001/ "HTTP/1.1 200 OK"
2026-07-17 13:28:26 [INFO] httpx: HTTP Request: GET http://localhost:8001/ "HTTP/1.1 200 OK"
2026-07-17 13:29:26 [INFO] httpx: HTTP Request: GET http://localhost:8001/ "HTTP/1.1 200 OK"
2026-07-17 13:30:26 [INFO] httpx: HTTP Request: GET http://localhost:8001/ "HTTP/1.1 200 OK"
2026-07-17 13:31:26 [INFO] httpx: HTTP Request: GET http://localhost:8001/ "HTTP/1.1 200 OK"
2026-07-17 13:32:26 [INFO] httpx: HTTP Request: GET http://localhost:8001/ "HTTP/1.1 200 OK"
2026-07-17 13:33:26 [INFO] httpx: HTTP Request: GET http://localhost:8001/ "HTTP/1.1 200 OK"
2026-07-17 13:34:26 [INFO] httpx: HTTP Request: GET http://localhost:8001/ "HTTP/1.1 200 OK"
2026-07-17 13:35:26 [INFO] httpx: HTTP Request: GET http://localhost:8001/ "HTTP/1.1 200 OK"
2026-07-17 13:36:26 [INFO] httpx: HTTP Request: GET http://localhost:8001/ "HTTP/1.1 200 OK"
2026-07-17 13:37:26 [INFO] httpx: HTTP Request: GET http://localhost:8001/ "HTTP/1.1 200 OK"
2026-07-17 13:38:26 [INFO] httpx: HTTP Request: GET http://localhost:8001/ "HTTP/1.1 200 OK"
2026-07-17 13:39:26 [INFO] httpx: HTTP Request: GET http://localhost:8001/ "HTTP/1.1 200 OK"
2026-07-17 13:40:26 [INFO] httpx: HTTP Request: GET http://localhost:8001/ "HTTP/1.1 200 OK"
2026-07-17 13:41:26 [INFO] httpx: HTTP Request: GET http://localhost:8001/ "HTTP/1.1 200 OK"
2026-07-17 13:42:26 [INFO] httpx: HTTP Request: GET http://localhost:8001/ "HTTP/1.1 200 OK"
2026-07-17 13:43:26 [INFO] httpx: HTTP Request: GET http://localhost:8001/ "HTTP/1.1 200 OK"
2026-07-25 13:49:49 [INFO] owl-street-view: Initializing Owl Street View Trading Dashboard...
2026-07-25 13:49:49 [INFO] owl-street-view: Starting dashboard server at http://0.0.0.0:8080...
2026-07-25 13:49:49 [INFO] src.web: AlpacaService initialized in web app.
2026-07-25 13:49:49 [INFO] src.web: Loaded config from 'config/config.yaml' and initialized Alpaca Service.
2026-07-25 14:01:08 [INFO] owl-street-view: Initializing Owl Street View Trading Dashboard...
2026-07-25 14:01:08 [INFO] owl-street-view: Starting dashboard server at http://0.0.0.0:8080...
2026-07-25 14:01:08 [INFO] src.web: AlpacaService initialized in web app.
2026-07-25 14:01:08 [INFO] src.web: Loaded config from 'config/config.yaml' and initialized Alpaca Service.
2026-07-25 14:02:40 [INFO] owl-street-view: Initializing Owl Street View Trading Dashboard...
2026-07-25 14:02:40 [INFO] owl-street-view: Starting dashboard server at http://0.0.0.0:8080...
2026-07-25 14:02:40 [INFO] src.web: AlpacaService initialized in web app.
2026-07-25 14:02:40 [INFO] src.web: Loaded config from 'config/config.yaml' and initialized Alpaca Service.
2026-07-25 14:03:17 [INFO] owl-street-view: Initializing Owl Street View Trading Dashboard...
2026-07-25 14:03:17 [INFO] owl-street-view: Starting dashboard server at http://0.0.0.0:8080...
2026-07-25 14:03:17 [INFO] src.web: AlpacaService initialized in web app.
2026-07-25 14:03:17 [INFO] src.web: Loaded config from 'config/config.yaml' and initialized Alpaca Service.
2026-07-25 14:08:48 [INFO] owl-street-view: Initializing Owl Street View Trading Dashboard...
2026-07-25 14:08:48 [INFO] owl-street-view: Starting dashboard server at http://0.0.0.0:8080...
2026-07-25 14:08:48 [INFO] src.web: AlpacaService initialized in web app.
2026-07-25 14:08:48 [INFO] src.web: Loaded config from 'config/config.yaml' and initialized Alpaca Service.
2026-07-25 14:12:43 [INFO] owl-street-view: Initializing Owl Street View Trading Dashboard...
2026-07-25 14:12:43 [INFO] owl-street-view: Starting dashboard server at http://0.0.0.0:8080...
2026-07-25 14:12:43 [INFO] src.web: AlpacaService initialized in web app.
2026-07-25 14:12:43 [INFO] src.web: Loaded config from 'config/config.yaml' and initialized Alpaca Service.
2026-07-25 14:22:05 [INFO] owl-street-view: Initializing Owl Street View Trading Dashboard...
2026-07-25 14:22:05 [INFO] owl-street-view: Starting dashboard server at http://0.0.0.0:8080...
2026-07-25 14:22:05 [INFO] src.web: AlpacaService initialized in web app.
2026-07-25 14:22:05 [INFO] src.web: Loaded config from 'config/config.yaml' and initialized Alpaca Service.
2026-07-25 14:22:21 [INFO] src.web: Created active session for email: karbaz017@gmail.com (provider: google)
2026-07-25 14:24:35 [INFO] src.web: Created active session for email: karbaz017@gmail.com (provider: google)
2026-07-25 14:25:21 [INFO] src.web: Created active session for email: karbaz017@gmail.com (provider: google)
2026-07-25 14:25:26 [INFO] src.web: Created active session for email: karbaz017@gmail.com (provider: google)
2026-07-25 14:25:52 [INFO] owl-street-view: Initializing Owl Street View Trading Dashboard...
2026-07-25 14:25:52 [INFO] owl-street-view: Starting dashboard server at http://0.0.0.0:8080...
2026-07-25 14:25:52 [INFO] src.web: AlpacaService initialized in web app.
2026-07-25 14:25:52 [INFO] src.web: Loaded config from 'config/config.yaml' and initialized Alpaca Service.
2026-07-25 14:26:14 [INFO] src.web: Created active session for email: karbaz017@gmail.com (provider: google)
2026-07-25 14:28:54 [INFO] src.web: Created active session for email: karbaz017@gmail.com (provider: google)
2026-07-25 14:35:13 [INFO] src.web: Created active session for email: karbaz017@gmail.com (provider: google)
2026-07-25 14:35:30 [INFO] src.web: Created active session for email: karbaz017@gmail.com (provider: google)
2026-07-25 14:44:11 [INFO] httpx: HTTP Request: GET http://localhost:8001/ "HTTP/1.1 200 OK"
2026-07-25 14:44:13 [INFO] httpx: HTTP Request: GET http://localhost:8001/ "HTTP/1.1 200 OK"
2026-07-25 14:44:16 [INFO] httpx: HTTP Request: GET http://localhost:8001/ "HTTP/1.1 200 OK"
2026-07-25 14:44:18 [INFO] httpx: HTTP Request: GET http://localhost:8001/ "HTTP/1.1 200 OK"
2026-07-25 14:44:22 [INFO] httpx: HTTP Request: GET http://localhost:8001/ "HTTP/1.1 200 OK"
2026-07-25 14:44:23 [INFO] httpx: HTTP Request: GET http://localhost:8001/ "HTTP/1.1 200 OK"
2026-07-25 14:44:27 [INFO] httpx: HTTP Request: GET http://localhost:8001/ "HTTP/1.1 200 OK"
2026-07-25 14:44:28 [INFO] httpx: HTTP Request: GET http://localhost:8001/ "HTTP/1.1 200 OK"
2026-07-25 14:44:32 [INFO] httpx: HTTP Request: GET http://localhost:8001/ "HTTP/1.1 200 OK"
2026-07-25 14:44:33 [INFO] httpx: HTTP Request: GET http://localhost:8001/ "HTTP/1.1 200 OK"
2026-07-25 14:44:37 [INFO] httpx: HTTP Request: GET http://localhost:8001/ "HTTP/1.1 200 OK"
2026-07-25 14:44:38 [INFO] httpx: HTTP Request: GET http://localhost:8001/ "HTTP/1.1 200 OK"
2026-07-25 14:44:42 [INFO] httpx: HTTP Request: GET http://localhost:8001/ "HTTP/1.1 200 OK"
2026-07-25 14:44:43 [INFO] httpx: HTTP Request: GET http://localhost:8001/ "HTTP/1.1 200 OK"
2026-07-25 14:44:46 [INFO] httpx: HTTP Request: GET http://localhost:8001/ "HTTP/1.1 200 OK"
2026-07-25 14:44:48 [INFO] httpx: HTTP Request: GET http://localhost:8001/ "HTTP/1.1 200 OK"
2026-07-25 14:44:51 [INFO] httpx: HTTP Request: GET http://localhost:8001/ "HTTP/1.1 200 OK"
2026-07-25 14:44:53 [INFO] httpx: HTTP Request: GET http://localhost:8001/ "HTTP/1.1 200 OK"
2026-07-25 14:44:57 [INFO] httpx: HTTP Request: GET http://localhost:8001/ "HTTP/1.1 200 OK"
2026-07-25 14:44:58 [INFO] httpx: HTTP Request: GET http://localhost:8001/ "HTTP/1.1 200 OK"
2026-07-25 14:45:02 [INFO] httpx: HTTP Request: GET http://localhost:8001/ "HTTP/1.1 200 OK"
2026-07-25 14:45:03 [INFO] httpx: HTTP Request: GET http://localhost:8001/ "HTTP/1.1 200 OK"
2026-07-25 14:45:07 [INFO] httpx: HTTP Request: GET http://localhost:8001/ "HTTP/1.1 200 OK"
2026-07-25 14:45:08 [INFO] httpx: HTTP Request: GET http://localhost:8001/ "HTTP/1.1 200 OK"
2026-07-25 14:45:11 [INFO] httpx: HTTP Request: GET http://localhost:8001/ "HTTP/1.1 200 OK"
2026-07-25 14:45:11 [INFO] src.web: Created active session for email: karbaz017@gmail.com (provider: google)
2026-07-25 14:45:11 [INFO] httpx: HTTP Request: GET http://localhost:8001/ "HTTP/1.1 200 OK"
2026-07-25 14:45:13 [INFO] httpx: HTTP Request: GET http://localhost:8001/ "HTTP/1.1 200 OK"
2026-07-25 14:45:17 [INFO] httpx: HTTP Request: GET http://localhost:8001/ "HTTP/1.1 200 OK"
2026-07-25 14:45:18 [INFO] httpx: HTTP Request: GET http://localhost:8001/ "HTTP/1.1 200 OK"
2026-07-25 14:45:22 [INFO] httpx: HTTP Request: GET http://localhost:8001/ "HTTP/1.1 200 OK"
2026-07-25 14:45:23 [INFO] httpx: HTTP Request: GET http://localhost:8001/ "HTTP/1.1 200 OK"
2026-07-25 14:45:26 [INFO] httpx: HTTP Request: GET http://localhost:8001/ "HTTP/1.1 200 OK"
2026-07-25 14:45:28 [INFO] httpx: HTTP Request: GET http://localhost:8001/ "HTTP/1.1 200 OK"
2026-07-25 14:45:31 [INFO] src.web: Created active session for email: karbaz017@gmail.com (provider: google)
2026-07-25 14:45:31 [INFO] httpx: HTTP Request: GET http://localhost:8001/ "HTTP/1.1 200 OK"
2026-07-25 14:45:31 [INFO] httpx: HTTP Request: GET http://localhost:8001/ "HTTP/1.1 200 OK"
2026-07-25 14:45:33 [INFO] httpx: HTTP Request: GET http://localhost:8001/ "HTTP/1.1 200 OK"
2026-07-25 14:45:36 [INFO] httpx: HTTP Request: GET http://localhost:8001/ "HTTP/1.1 200 OK"
2026-07-25 14:45:38 [INFO] httpx: HTTP Request: GET http://localhost:8001/ "HTTP/1.1 200 OK"
2026-07-25 14:45:41 [INFO] httpx: HTTP Request: GET http://localhost:8001/ "HTTP/1.1 200 OK"
2026-07-25 14:45:43 [INFO] httpx: HTTP Request: GET http://localhost:8001/ "HTTP/1.1 200 OK"
2026-07-25 14:45:46 [INFO] httpx: HTTP Request: GET http://localhost:8001/ "HTTP/1.1 200 OK"
2026-07-25 14:45:48 [INFO] httpx: HTTP Request: GET http://localhost:8001/ "HTTP/1.1 200 OK"
2026-07-25 14:45:51 [INFO] httpx: HTTP Request: GET http://localhost:8001/ "HTTP/1.1 200 OK"
2026-07-25 14:45:53 [INFO] httpx: HTTP Request: GET http://localhost:8001/ "HTTP/1.1 200 OK"
2026-07-25 14:45:57 [INFO] httpx: HTTP Request: GET http://localhost:8001/ "HTTP/1.1 200 OK"
2026-07-25 14:45:58 [INFO] httpx: HTTP Request: GET http://localhost:8001/ "HTTP/1.1 200 OK"
2026-07-25 14:46:01 [INFO] httpx: HTTP Request: GET http://localhost:8001/ "HTTP/1.1 200 OK"
2026-07-25 14:46:03 [INFO] httpx: HTTP Request: GET http://localhost:8001/ "HTTP/1.1 200 OK"
2026-07-25 14:46:04 [INFO] src.web: Created active session for email: karbaz017@gmail.com (provider: google)
2026-07-25 14:46:04 [INFO] httpx: HTTP Request: GET http://localhost:8001/ "HTTP/1.1 200 OK"
2026-07-25 14:46:06 [INFO] httpx: HTTP Request: GET http://localhost:8001/ "HTTP/1.1 200 OK"
2026-07-25 14:46:08 [INFO] httpx: HTTP Request: GET http://localhost:8001/ "HTTP/1.1 200 OK"
2026-07-25 14:46:11 [INFO] httpx: HTTP Request: GET http://localhost:8001/ "HTTP/1.1 200 OK"
2026-07-25 14:46:13 [INFO] httpx: HTTP Request: GET http://localhost:8001/ "HTTP/1.1 200 OK"
2026-07-25 14:46:16 [INFO] httpx: HTTP Request: GET http://localhost:8001/ "HTTP/1.1 200 OK"
2026-07-25 14:46:18 [INFO] httpx: HTTP Request: GET http://localhost:8001/ "HTTP/1.1 200 OK"
2026-07-25 14:46:21 [INFO] httpx: HTTP Request: GET http://localhost:8001/ "HTTP/1.1 200 OK"
2026-07-25 14:46:23 [INFO] httpx: HTTP Request: GET http://localhost:8001/ "HTTP/1.1 200 OK"
2026-07-25 14:46:27 [INFO] httpx: HTTP Request: GET http://localhost:8001/ "HTTP/1.1 200 OK"
2026-07-25 14:46:28 [INFO] httpx: HTTP Request: GET http://localhost:8001/ "HTTP/1.1 200 OK"
2026-07-25 14:46:32 [INFO] httpx: HTTP Request: GET http://localhost:8001/ "HTTP/1.1 200 OK"
2026-07-25 14:46:33 [INFO] httpx: HTTP Request: GET http://localhost:8001/ "HTTP/1.1 200 OK"
2026-07-25 14:46:37 [INFO] httpx: HTTP Request: GET http://localhost:8001/ "HTTP/1.1 200 OK"
2026-07-25 14:46:38 [INFO] httpx: HTTP Request: GET http://localhost:8001/ "HTTP/1.1 200 OK"
2026-07-25 14:46:42 [INFO] httpx: HTTP Request: GET http://localhost:8001/ "HTTP/1.1 200 OK"
2026-07-25 14:46:43 [INFO] httpx: HTTP Request: GET http://localhost:8001/ "HTTP/1.1 200 OK"
2026-07-25 14:46:47 [INFO] httpx: HTTP Request: GET http://localhost:8001/ "HTTP/1.1 200 OK"
2026-07-25 14:46:48 [INFO] httpx: HTTP Request: GET http://localhost:8001/ "HTTP/1.1 200 OK"
2026-07-25 14:46:52 [INFO] httpx: HTTP Request: GET http://localhost:8001/ "HTTP/1.1 200 OK"
2026-07-25 14:46:53 [INFO] httpx: HTTP Request: GET http://localhost:8001/ "HTTP/1.1 200 OK"
2026-07-25 14:46:57 [INFO] httpx: HTTP Request: GET http://localhost:8001/ "HTTP/1.1 200 OK"
2026-07-25 14:46:58 [INFO] httpx: HTTP Request: GET http://localhost:8001/ "HTTP/1.1 200 OK"
2026-07-25 14:47:02 [INFO] httpx: HTTP Request: GET http://localhost:8001/ "HTTP/1.1 200 OK"
2026-07-25 14:47:03 [INFO] httpx: HTTP Request: GET http://localhost:8001/ "HTTP/1.1 200 OK"
2026-07-25 14:47:07 [INFO] httpx: HTTP Request: GET http://localhost:8001/ "HTTP/1.1 200 OK"
2026-07-25 14:47:08 [INFO] httpx: HTTP Request: GET http://localhost:8001/ "HTTP/1.1 200 OK"
2026-07-25 14:47:12 [INFO] httpx: HTTP Request: GET http://localhost:8001/ "HTTP/1.1 200 OK"
2026-07-25 14:47:13 [INFO] httpx: HTTP Request: GET http://localhost:8001/ "HTTP/1.1 200 OK"
2026-07-25 14:47:17 [INFO] httpx: HTTP Request: GET http://localhost:8001/ "HTTP/1.1 200 OK"
2026-07-25 14:47:18 [INFO] httpx: HTTP Request: GET http://localhost:8001/ "HTTP/1.1 200 OK"
2026-07-25 14:47:22 [INFO] httpx: HTTP Request: GET http://localhost:8001/ "HTTP/1.1 200 OK"
2026-07-25 14:47:23 [INFO] httpx: HTTP Request: GET http://localhost:8001/ "HTTP/1.1 200 OK"
2026-07-25 14:47:28 [INFO] httpx: HTTP Request: GET http://localhost:8001/ "HTTP/1.1 200 OK"
2026-07-25 14:47:33 [INFO] httpx: HTTP Request: GET http://localhost:8001/ "HTTP/1.1 200 OK"
2026-07-25 14:47:38 [INFO] httpx: HTTP Request: GET http://localhost:8001/ "HTTP/1.1 200 OK"
2026-07-25 14:47:43 [INFO] httpx: HTTP Request: GET http://localhost:8001/ "HTTP/1.1 200 OK"
2026-07-25 14:47:48 [INFO] httpx: HTTP Request: GET http://localhost:8001/ "HTTP/1.1 200 OK"
2026-07-25 14:47:53 [INFO] httpx: HTTP Request: GET http://localhost:8001/ "HTTP/1.1 200 OK"
2026-07-25 14:47:55 [INFO] httpx: HTTP Request: GET http://localhost:8001/ "HTTP/1.1 200 OK"
2026-07-25 14:47:58 [INFO] httpx: HTTP Request: GET http://localhost:8001/ "HTTP/1.1 200 OK"
2026-07-25 14:48:03 [INFO] httpx: HTTP Request: GET http://localhost:8001/ "HTTP/1.1 200 OK"
2026-07-25 14:48:08 [INFO] httpx: HTTP Request: GET http://localhost:8001/ "HTTP/1.1 200 OK"
2026-07-25 14:48:13 [INFO] httpx: HTTP Request: GET http://localhost:8001/ "HTTP/1.1 200 OK"
2026-07-25 14:48:18 [INFO] httpx: HTTP Request: GET http://localhost:8001/ "HTTP/1.1 200 OK"
2026-07-25 14:48:23 [INFO] httpx: HTTP Request: GET http://localhost:8001/ "HTTP/1.1 200 OK"
2026-07-25 14:48:28 [INFO] httpx: HTTP Request: GET http://localhost:8001/ "HTTP/1.1 200 OK"
2026-07-25 14:48:33 [INFO] httpx: HTTP Request: GET http://localhost:8001/ "HTTP/1.1 200 OK"
2026-07-25 14:48:38 [INFO] httpx: HTTP Request: GET http://localhost:8001/ "HTTP/1.1 200 OK"
2026-07-25 14:48:43 [INFO] httpx: HTTP Request: GET http://localhost:8001/ "HTTP/1.1 200 OK"
2026-07-25 14:48:48 [INFO] httpx: HTTP Request: GET http://localhost:8001/ "HTTP/1.1 200 OK"
2026-07-25 14:48:53 [INFO] httpx: HTTP Request: GET http://localhost:8001/ "HTTP/1.1 200 OK"
2026-07-25 14:48:55 [INFO] httpx: HTTP Request: GET http://localhost:8001/ "HTTP/1.1 200 OK"
2026-07-25 14:48:58 [INFO] httpx: HTTP Request: GET http://localhost:8001/ "HTTP/1.1 200 OK"
2026-07-25 14:49:03 [INFO] httpx: HTTP Request: GET http://localhost:8001/ "HTTP/1.1 200 OK"
2026-07-25 14:49:08 [INFO] httpx: HTTP Request: GET http://localhost:8001/ "HTTP/1.1 200 OK"
2026-07-25 14:49:13 [INFO] httpx: HTTP Request: GET http://localhost:8001/ "HTTP/1.1 200 OK"
2026-07-25 14:49:18 [INFO] httpx: HTTP Request: GET http://localhost:8001/ "HTTP/1.1 200 OK"
2026-07-25 14:49:23 [INFO] httpx: HTTP Request: GET http://localhost:8001/ "HTTP/1.1 200 OK"
2026-07-25 14:49:28 [INFO] httpx: HTTP Request: GET http://localhost:8001/ "HTTP/1.1 200 OK"
2026-07-25 14:49:33 [INFO] httpx: HTTP Request: GET http://localhost:8001/ "HTTP/1.1 200 OK"
2026-07-25 14:49:38 [INFO] httpx: HTTP Request: GET http://localhost:8001/ "HTTP/1.1 200 OK"
2026-07-25 14:49:43 [INFO] httpx: HTTP Request: GET http://localhost:8001/ "HTTP/1.1 200 OK"
2026-07-25 14:49:48 [INFO] httpx: HTTP Request: GET http://localhost:8001/ "HTTP/1.1 200 OK"
2026-07-25 14:49:53 [INFO] httpx: HTTP Request: GET http://localhost:8001/ "HTTP/1.1 200 OK"
2026-07-25 14:49:55 [INFO] httpx: HTTP Request: GET http://localhost:8001/ "HTTP/1.1 200 OK"
2026-07-25 14:49:58 [INFO] httpx: HTTP Request: GET http://localhost:8001/ "HTTP/1.1 200 OK"
2026-07-25 14:50:03 [INFO] httpx: HTTP Request: GET http://localhost:8001/ "HTTP/1.1 200 OK"
2026-07-25 14:50:08 [INFO] httpx: HTTP Request: GET http://localhost:8001/ "HTTP/1.1 200 OK"
2026-07-25 14:50:13 [INFO] httpx: HTTP Request: GET http://localhost:8001/ "HTTP/1.1 200 OK"
2026-07-25 14:50:18 [INFO] httpx: HTTP Request: GET http://localhost:8001/ "HTTP/1.1 200 OK"
2026-07-25 14:50:23 [INFO] httpx: HTTP Request: GET http://localhost:8001/ "HTTP/1.1 200 OK"
2026-07-25 14:50:33 [INFO] owl-street-view: Initializing Owl Street View Trading Dashboard...
2026-07-25 14:50:33 [INFO] owl-street-view: Starting dashboard server at http://0.0.0.0:8080...
2026-07-25 14:50:33 [INFO] src.web: AlpacaService initialized in web app.
2026-07-25 14:50:33 [INFO] src.web: Loaded config from 'config/config.yaml' and initialized Alpaca Service.
2026-07-25 14:50:41 [INFO] httpx: HTTP Request: GET http://localhost:8001/ "HTTP/1.1 200 OK"
2026-07-25 14:50:41 [INFO] httpx: HTTP Request: GET http://localhost:8001/ "HTTP/1.1 200 OK"
2026-07-25 14:50:43 [INFO] httpx: HTTP Request: GET http://localhost:8001/ "HTTP/1.1 200 OK"
2026-07-25 14:50:44 [INFO] httpx: HTTP Request: GET http://localhost:8001/ "HTTP/1.1 200 OK"
2026-07-25 14:50:48 [INFO] httpx: HTTP Request: GET http://localhost:8001/ "HTTP/1.1 200 OK"
2026-07-25 14:50:49 [INFO] httpx: HTTP Request: GET http://localhost:8001/ "HTTP/1.1 200 OK"
2026-07-25 14:50:53 [INFO] httpx: HTTP Request: GET http://localhost:8001/ "HTTP/1.1 200 OK"
2026-07-25 14:50:54 [INFO] httpx: HTTP Request: GET http://localhost:8001/ "HTTP/1.1 200 OK"
2026-07-25 14:50:58 [INFO] httpx: HTTP Request: GET http://localhost:8001/ "HTTP/1.1 200 OK"
2026-07-25 14:50:58 [INFO] httpx: HTTP Request: GET http://localhost:8001/ "HTTP/1.1 200 OK"
2026-07-25 14:51:03 [INFO] httpx: HTTP Request: GET http://localhost:8001/ "HTTP/1.1 200 OK"
2026-07-25 14:51:03 [INFO] httpx: HTTP Request: GET http://localhost:8001/ "HTTP/1.1 200 OK"
2026-07-25 14:51:08 [INFO] httpx: HTTP Request: GET http://localhost:8001/ "HTTP/1.1 200 OK"
2026-07-25 14:51:09 [INFO] httpx: HTTP Request: GET http://localhost:8001/ "HTTP/1.1 200 OK"
2026-07-25 14:51:13 [INFO] httpx: HTTP Request: GET http://localhost:8001/ "HTTP/1.1 200 OK"
2026-07-25 14:51:13 [INFO] httpx: HTTP Request: GET http://localhost:8001/ "HTTP/1.1 200 OK"
2026-07-25 14:51:18 [INFO] httpx: HTTP Request: GET http://localhost:8001/ "HTTP/1.1 200 OK"
2026-07-25 14:51:18 [INFO] httpx: HTTP Request: GET http://localhost:8001/ "HTTP/1.1 200 OK"
2026-07-25 14:51:23 [INFO] httpx: HTTP Request: GET http://localhost:8001/ "HTTP/1.1 200 OK"
2026-07-25 14:51:23 [INFO] httpx: HTTP Request: GET http://localhost:8001/ "HTTP/1.1 200 OK"
2026-07-25 14:51:28 [INFO] httpx: HTTP Request: GET http://localhost:8001/ "HTTP/1.1 200 OK"
2026-07-25 14:51:28 [INFO] httpx: HTTP Request: GET http://localhost:8001/ "HTTP/1.1 200 OK"
2026-07-25 14:51:33 [INFO] httpx: HTTP Request: GET http://localhost:8001/ "HTTP/1.1 200 OK"
2026-07-25 14:51:33 [INFO] httpx: HTTP Request: GET http://localhost:8001/ "HTTP/1.1 200 OK"
2026-07-25 14:51:38 [INFO] httpx: HTTP Request: GET http://localhost:8001/ "HTTP/1.1 200 OK"
2026-07-25 14:51:38 [INFO] httpx: HTTP Request: GET http://localhost:8001/ "HTTP/1.1 200 OK"
2026-07-25 14:51:43 [INFO] httpx: HTTP Request: GET http://localhost:8001/ "HTTP/1.1 200 OK"
2026-07-25 14:51:43 [INFO] httpx: HTTP Request: GET http://localhost:8001/ "HTTP/1.1 200 OK"
2026-07-25 14:51:48 [INFO] httpx: HTTP Request: GET http://localhost:8001/ "HTTP/1.1 200 OK"
2026-07-25 14:51:49 [INFO] httpx: HTTP Request: GET http://localhost:8001/ "HTTP/1.1 200 OK"
2026-07-25 14:51:53 [INFO] httpx: HTTP Request: GET http://localhost:8001/ "HTTP/1.1 200 OK"
2026-07-25 14:51:54 [INFO] httpx: HTTP Request: GET http://localhost:8001/ "HTTP/1.1 200 OK"
2026-07-30 21:27:37 [INFO] owls-street-view: Initializing Owls Street View Trading Dashboard...
2026-07-30 21:27:37 [INFO] owls-street-view: Starting dashboard server at http://0.0.0.0:8080...
2026-07-30 21:27:37 [INFO] src.web: AlpacaService initialized in web app.
2026-07-30 21:27:37 [INFO] src.web: Loaded config from 'config/config.yaml' and initialized Alpaca Service.
